饰品名称,饰品价格,当前在售数量
印花 | captainMo（金色）| 2018年波士顿锦标赛,$0.00,0
印花 | s1mple（金色）| 2017年克拉科夫锦标赛,$0.00,0
印花 | Vox Eminor（全息）| 2014年卡托维兹锦标赛,$0.00,0
印花 | NiKo（金色）| 2017年克拉科夫锦标赛,$0.00,0
印花 | bondik（金色）| 2018年波士顿锦标赛,$0.00,0
印花 | Twistzz（金色）| 2018年波士顿锦标赛,$0.00,0
印花 | Happy（金色）| 2018年波士顿锦标赛,$0.00,0
印花 | HellRaisers（全息）| 2014年卡托维兹锦标赛,$0.00,0
印花 | 3DMAX（全息）| 2014年卡托维兹锦标赛,$0.00,0
印花 | NAF（金色）| 2018年波士顿锦标赛,$0.00,0
印花 | kennyS（金色）| 2017年克拉科夫锦标赛,$0.00,0
印花 | Clan-Mystik（全息）| 2014年卡托维兹锦标赛,$0.00,0
印花 | mousesports（全息）| 2014年卡托维兹锦标赛,$0.00,0
印花 | DD（金色）| 2018年波士顿锦标赛,$0.00,0
印花 | rain（金色）| 2018年波士顿锦标赛,$0.00,0
印花 | iBUYPOWER | 2014年卡托维兹锦标赛,$0.00,0
印花 | BIT（金色）| 2018年波士顿锦标赛,$0.00,0
印花 | LUCAS1（金色）| 2018年波士顿锦标赛,$0.00,0
印花 | HEN1（金色）| 2018年波士顿锦标赛,$0.00,0
印花 | fnx（金色）| 2018年波士顿锦标赛,$0.00,0
2014年 EMS 卡托维兹锦标赛传奇,$0.00,0
印花 | keshandr（金色）| 2017年克拉科夫锦标赛,$0.00,0
印花 | Virtus.Pro（全息）| 2014年卡托维兹锦标赛,$0.00,0
印花 | LGB eSports（全息）| 2014年卡托维兹锦标赛,$0.00,0
印花 | somebody（金色）| 2018年波士顿锦标赛,$0.00,0
印花 | ropz（金色）| 2017年克拉科夫锦标赛,$0.00,0
印花 | s1mple（金色）| 2018年波士顿锦标赛,$0.00,0
印花 | Natus Vincere（全息）| 2014年卡托维兹锦标赛,$0.00,0
印花 | Twistzz（金色）| 2018年伦敦锦标赛,$0.00,0
印花 | Team Dignitas（全息）| 2014年卡托维兹锦标赛,$0.00,0
印花 | iBUYPOWER（全息）| 2014年卡托维兹锦标赛,$0.00,0
印花 | NiKo（金色）| 2018年波士顿锦标赛,$0.00,0
印花 | Titan（全息）| 2014年卡托维兹锦标赛,$0.00,0
印花 | Team LDLC.com（全息）| 2014年卡托维兹锦标赛,$0.00,0
印花 | AdreN（金色）| 2018年伦敦锦标赛,$0.00,0
印花 | BnTeT（金色）| 2018年波士顿锦标赛,$0.00,0
印花 | Nifty（金色）| 2018年波士顿锦标赛,$0.00,0
印花 | Jame（金色）| 2018年波士顿锦标赛,$0.00,0
印花 | loWel（金色）| 2017年克拉科夫锦标赛,$0.00,0
印花 | autimatic（金色）| 2018年波士顿锦标赛,$0.00,0
印花 | keev（金色）| 2017年克拉科夫锦标赛,$0.00,0
印花 | Kjaerbye（金色）| 2018年伦敦锦标赛,$0.00,0
印花 | captainMo（金色）| 2018年伦敦锦标赛,$0.00,0
印花 | Xyp9x（金色）| 2018年伦敦锦标赛,$0.00,0
印花 | Stewie2K（金色）| 2018年波士顿锦标赛,$0.00,0
印花 | LEGIJA（金色）| 2017年克拉科夫锦标赛,$0.00,0
印花 | EliGE（金色）| 2018年波士顿锦标赛,$0.00,0
印花 | jdm64（金色）| 2018年波士顿锦标赛,$0.00,0
印花 | ropz（金色）| 2018年波士顿锦标赛,$0.00,0
印花 | JW（金色）| 2018年波士顿锦标赛,$0.00,0
印花 | karrigan（金色）| 2017年克拉科夫锦标赛,$0.00,0
印花 | EliGE（闪亮）| 2016年 MLG 哥伦布锦标赛,$0.00,0
印花 | snatchie（金色）| 2018年伦敦锦标赛,$0.00,0
印花 | aizy（金色）| 2018年伦敦锦标赛,$0.00,0
印花 | dennis（金色）| 2018年伦敦锦标赛,$0.00,0
印花 | FalleN（金色）| 2018年伦敦锦标赛,$0.00,0
决策大师音乐盒集,$0.00,0
印花 | Reason Gaming | 2014年卡托维兹锦标赛,$0.00,0
印花 | SIXER（金色）| 2018年波士顿锦标赛,$0.00,0
印花 | karrigan（金色）| 2018年波士顿锦标赛,$0.00,0
印花 | rain（闪亮）| 2016年 MLG 哥伦布锦标赛,$0.00,0
印花 | MSL（金色）| 2017年克拉科夫锦标赛,$0.00,0
印花 | NEO（闪亮）| 2017年亚特兰大锦标赛,$0.00,0
印花 | Xyp9x（金色）| 2018年波士顿锦标赛,$0.00,0
2014年 EMS 卡托维兹锦标赛挑战组,$0.00,0
印花 | boltz（金色）| 2017年克拉科夫锦标赛,$0.00,0
印花 | compLexity Gaming（全息）| 2014年卡托维兹锦标赛,$0.00,0
印花 | dupreeh（金色）| 2018年波士顿锦标赛,$0.00,0
印花 | jks（金色）| 2019年卡托维兹锦标赛,$0.00,0
印花 | chopper（金色）| 2017年克拉科夫锦标赛,$0.00,0
印花 | waterfaLLZ（金色）| 2018年波士顿锦标赛,$0.00,0
印花 | jR（金色）| 2017年克拉科夫锦标赛,$0.00,0
印花 | FalleN（金色）| 2017年克拉科夫锦标赛,$0.00,0
印花 | ScreaM（金色）| 2018年波士顿锦标赛,$0.00,0
封装的涂鸦 | M4A1消音型压枪 (军绿),$0.00,0
印花 | smooya（金色）| 2018年伦敦锦标赛,$0.00,0
印花 | mir（金色）| 2017年克拉科夫锦标赛,$0.00,0
印花 | Titan | 2014年卡托维兹锦标赛,$0.00,0
印花 | WorldEdit（金色）| 2017年克拉科夫锦标赛,$0.00,0
印花 | shroud（金色）| 2017年克拉科夫锦标赛,$0.00,0
印花 | dupreeh（金色）| 2018年伦敦锦标赛,$0.00,0
印花 | ANGE1（金色）| 2018年伦敦锦标赛,$0.00,0
印花 | jR（金色）| 2018年波士顿锦标赛,$0.00,0
印花 | nex（金色）| 2018年波士顿锦标赛,$0.00,0
印花 | Ninjas in Pyjamas（全息）| 2014年卡托维兹锦标赛,$0.00,0
印花 | s1mple（金色）| 2018年伦敦锦标赛,$0.00,0
印花 | tabseN（金色）| 2018年伦敦锦标赛,$0.00,0
印花 | tabseN（金色）| 2018年波士顿锦标赛,$0.00,0
印花 | xccurate（金色）| 2018年伦敦锦标赛,$0.00,0
印花 | nex（金色）| 2017年克拉科夫锦标赛,$0.00,0
印花 | NBK-（金色）| 2017年克拉科夫锦标赛,$0.00,0
印花 | EliGE（金色）| 2018年伦敦锦标赛,$0.00,0
印花 | Lekr0（金色）| 2018年波士顿锦标赛,$0.00,0
印花 | suNny（金色）| 2017年克拉科夫锦标赛,$0.00,0
印花 | aizy（金色）| 2018年波士顿锦标赛,$0.00,0
印花 | Edward（金色）| 2017年克拉科夫锦标赛,$0.00,0
印花 | MAJ3R（金色）| 2018年波士顿锦标赛,$0.00,0
印花 | hutji（金色）| 2017年克拉科夫锦标赛,$0.00,0
印花 | seang@res（金色）| 2018年波士顿锦标赛,$0.00,0
印花 | mir（金色）| 2018年伦敦锦标赛,$0.00,0
印花 | snatchie（金色）| 2018年伦敦锦标赛,$0.00,0
印花 | smooya（金色）| 2018年伦敦锦标赛,$0.00,0
印花 | Grim | 2024年哥本哈根锦标赛,$0.03,22034
印花 | ENCE | 2023年巴黎锦标赛,$0.03,694095
印花 | Grayhound Gaming | 2023年巴黎锦标赛,$0.03,830891
印花 | FASHR | 2023年巴黎锦标赛,$0.03,32479
印花 | torzsi | 2024年上海锦标赛,$0.03,11975
印花 | Brollan | 2024年上海锦标赛,$0.03,11782
印花 | sh1ro（冠军）| 2024年上海锦标赛,$0.03,53677
印花 | PGL | 2024年哥本哈根锦标赛,$0.03,264306
印花 | BLAST.tv | 2023年巴黎锦标赛,$0.03,1365334
印花 | huNter- | 2024年上海锦标赛,$0.03,8295
印花 | kraghen | 2024年哥本哈根锦标赛,$0.03,14026
印花 | kyxsan | 2023年巴黎锦标赛,$0.03,50406
印花 | Jimpphat | 2024年上海锦标赛,$0.03,11421
印花 | kauez | 2024年哥本哈根锦标赛,$0.03,17078
印花 | Senzu | 2024年哥本哈根锦标赛,$0.03,19138
印花 | chopper（冠军）| 2024年上海锦标赛,$0.03,54577
印花 | Complexity Gaming | 2023年巴黎锦标赛,$0.03,482346
印花 | jkaem | 2023年巴黎锦标赛,$0.03,52241
印花 | bLitz | 2024年哥本哈根锦标赛,$0.03,18650
印花 | Techno4K | 2024年哥本哈根锦标赛,$0.03,16913
印花 | Queenix | 2024年哥本哈根锦标赛,$0.03,17595
印花 | NEOFRAG | 2023年巴黎锦标赛,$0.03,52543
印花 | siuhy | 2024年上海锦标赛,$0.03,10426
印花 | xertioN | 2024年上海锦标赛,$0.03,13774
印花 | HooXi | 2023年巴黎锦标赛,$0.03,41132
印花 | Patti | 2024年哥本哈根锦标赛,$0.03,16275
印花 | b4rtiN | 2024年哥本哈根锦标赛,$0.03,12937
印花 | lux | 2024年哥本哈根锦标赛,$0.03,13769
印花 | Spinx | 2024年上海锦标赛,$0.03,11587
印花 | vexite | 2023年巴黎锦标赛,$0.03,68459
印花 | mzinho | 2024年哥本哈根锦标赛,$0.03,20062
印花 | n1ssim | 2024年哥本哈根锦标赛,$0.03,13427
印花 | SunPayus | 2023年巴黎锦标赛,$0.03,52337
印花 | NEKiZ | 2024年哥本哈根锦标赛,$0.03,13325
印花 | sinnopsyy | 2023年巴黎锦标赛,$0.03,32810
印花 | HooXi | 2024年哥本哈根锦标赛,$0.03,16487
印花 | FlameZ | 2023年巴黎锦标赛,$0.03,54757
印花 | latto | 2024年哥本哈根锦标赛,$0.03,12502
印花 | siuhy | 2023年巴黎锦标赛,$0.03,37584
印花 | zevy | 2023年巴黎锦标赛,$0.03,61240
印花 | TRAVIS | 2024年哥本哈根锦标赛,$0.03,13728
印花 | nicoodoz | 2023年巴黎锦标赛,$0.03,37071
印花 | fame | 2024年哥本哈根锦标赛,$0.03,18033
印花 | hardzao | 2023年巴黎锦标赛,$0.03,47010
印花 | mezii | 2024年上海锦标赛,$0.03,12497
印花 | chopper | 2024年上海锦标赛,$0.03,12207
印花 | TeSeS | 2024年上海锦标赛,$0.03,12368
印花 | Graviti | 2024年上海锦标赛,$0.03,11688
印花 | The MongolZ | 2023年巴黎锦标赛,$0.03,686667
印花 | tiziaN | 2022年安特卫普锦标赛,$0.03,9788
印花 | torzsi | 2023年巴黎锦标赛,$0.03,56871
印花 | degster | 2023年巴黎锦标赛,$0.03,48180
印花 | STYKO | 2023年巴黎锦标赛,$0.03,52853
印花 | nexa | 2024年哥本哈根锦标赛,$0.03,19987
印花 | Dycha | 2023年巴黎锦标赛,$0.03,56481
印花 | Magisk（冠军）| 2023年巴黎锦标赛,$0.03,87095
印花 | nawwk | 2023年巴黎锦标赛,$0.03,51601
印花 | Djoko | 2024年上海锦标赛,$0.03,10779
印花 | magixx（冠军）| 2024年上海锦标赛,$0.03,52290
印花 | NEKiZ | 2023年巴黎锦标赛,$0.03,56278
印花 | EliGE | 2023年巴黎锦标赛,$0.03,68759
印花 | apEX（冠军）| 2023年巴黎锦标赛,$0.03,84484
印花 | FaNg | 2023年巴黎锦标赛,$0.03,67133
印花 | biguzera | 2023年巴黎锦标赛,$0.03,56884
印花 | Heroic | 2023年巴黎锦标赛,$0.03,454845
印花 | kyxsan | 2024年上海锦标赛,$0.03,12631
印花 | Spinx | 2023年巴黎锦标赛,$0.03,28779
印花 | zorte | 2023年巴黎锦标赛,$0.03,35926
印花 | Spinx（冠军）| 2023年巴黎锦标赛,$0.03,97198
印花 | sk0R | 2023年巴黎锦标赛,$0.03,51785
印花 | sjuush | 2023年巴黎锦标赛,$0.03,29967
印花 | Bad News Eagles | 2023年巴黎锦标赛,$0.03,307877
印花 | Liazz | 2023年巴黎锦标赛,$0.03,66545
印花 | JDC | 2023年巴黎锦标赛,$0.03,47179
印花 | dupreeh（冠军）| 2023年巴黎锦标赛,$0.03,87160
印花 | nitr0 | 2023年巴黎锦标赛,$0.03,53629
印花 | rigoN | 2022年安特卫普锦标赛,$0.03,14627
印花 | ZywOo（冠军）| 2023年巴黎锦标赛,$0.03,49735
印花 | Jerry | 2023年巴黎锦标赛,$0.03,58154
印花 | floppy | 2024年哥本哈根锦标赛,$0.03,18479
印花 | roeJ | 2023年巴黎锦标赛,$0.03,21758
印花 | rallen | 2023年巴黎锦标赛,$0.03,35611
印花 | biguzera | 2024年哥本哈根锦标赛,$0.03,13337
印花 | FL1T | 2024年哥本哈根锦标赛,$0.03,21293
印花 | OG | 2023年巴黎锦标赛,$0.03,309301
印花 | jabbi | 2023年巴黎锦标赛,$0.03,26336
印花 | zont1x（冠军）| 2024年上海锦标赛,$0.03,50388
印花 | mir | 2024年哥本哈根锦标赛,$0.03,24015
印花 | GamerLegion | 2023年巴黎锦标赛,$0.03,207205
印花 | Grim | 2023年巴黎锦标赛,$0.03,63999
印花 | Bart4k | 2023年巴黎锦标赛,$0.03,64578
印花 | Techno4K | 2023年巴黎锦标赛,$0.03,55223
印花 | KRIMZ | 2023年巴黎锦标赛,$0.03,28798
印花 | Lucky | 2024年上海锦标赛,$0.03,11004
印花 | JT | 2024年哥本哈根锦标赛,$0.03,21195
印花 | magixx | 2024年上海锦标赛,$0.03,9395
印花 | hades | 2022年安特卫普锦标赛,$0.03,3740
印花 | dupreeh | 2023年巴黎锦标赛,$0.03,21927
印花 | NAF | 2023年巴黎锦标赛,$0.03,60388
印花 | HEROIC | 2024年上海锦标赛,$0.03,30939
印花 | KRIMZ | 2023年巴黎锦标赛,$0.03,28799
印花 | apEX | 2023年巴黎锦标赛,$0.03,26128
印花 | frozen | 2024年上海锦标赛,$0.03,7858
印花 | Sico | 2023年巴黎锦标赛,$0.03,56558
印花 | Krad | 2023年巴黎锦标赛,$0.03,34837
印花 | NertZ | 2024年上海锦标赛,$0.03,10851
印花 | drop | 2023年巴黎锦标赛,$0.03,15564
印花 | Lucaozy | 2023年巴黎锦标赛,$0.03,45944
印花 | maden | 2023年巴黎锦标赛,$0.03,64158
印花 | SENER1 | 2022年安特卫普锦标赛,$0.03,12430
印花 | blameF | 2022年安特卫普锦标赛,$0.03,13902
印花 | WOOD7 | 2023年巴黎锦标赛,$0.03,35358
印花 | hallzerk | 2023年巴黎锦标赛,$0.03,64776
印花 | huNter | 2022年安特卫普锦标赛,$0.03,6581
印花 | huNter- | 2023年巴黎锦标赛,$0.03,37791
印花 | NickelBack | 2024年哥本哈根锦标赛,$0.03,12875
印花 | juanflatroo | 2023年巴黎锦标赛,$0.03,19621
印花 | mezii | 2023年巴黎锦标赛,$0.03,29700
印花 | MIBR | 2024年上海锦标赛,$0.03,18936
印花 | apEX | 2024年上海锦标赛,$0.03,10234
印花 | Aleksib | 2024年上海锦标赛,$0.03,10299
印花 | sjuush | 2024年上海锦标赛,$0.03,10802
印花 | Ex3rcice | 2024年上海锦标赛,$0.03,11838
印花 | sh1ro | 2024年上海锦标赛,$0.03,9377
印花 | gla1ve | 2022年安特卫普锦标赛,$0.03,8944
印花 | Perfecto | 2021年斯德哥尔摩锦标赛,$0.03,38627
印花 | JaCkz | 2022年安特卫普锦标赛,$0.03,13288
印花 | rigoN | 2023年巴黎锦标赛,$0.03,29771
印花 | Aleksib | 2023年巴黎锦标赛,$0.03,42034
印花 | stavn | 2023年巴黎锦标赛,$0.03,23763
印花 | broky | 2023年巴黎锦标赛,$0.03,50647
印花 | Keoz | 2023年巴黎锦标赛,$0.03,43682
印花 | Ninjas in Pyjamas | 2023年巴黎锦标赛,$0.03,278526
印花 | paiN Gaming | 2023年巴黎锦标赛,$0.03,174239
印花 | FlameZ | 2024年上海锦标赛,$0.03,11693
印花 | frozen | 2023年巴黎锦标赛,$0.03,47503
印花 | NQZ | 2024年哥本哈根锦标赛,$0.03,16028
印花 | ANNIHILATION | 2023年巴黎锦标赛,$0.03,59841
印花 | sjuush | 2022年安特卫普锦标赛,$0.03,11437
印花 | karrigan | 2023年巴黎锦标赛,$0.03,43580
印花 | Evil Geniuses | 2022年里约热内卢锦标赛,$0.03,27062
印花 | chopper | 2024年哥本哈根锦标赛,$0.03,20442
印花 | EliGE | 2024年哥本哈根锦标赛,$0.03,17614
印花 | felps | 2023年巴黎锦标赛,$0.03,50414
印花 | FlameZ | 2024年哥本哈根锦标赛,$0.03,18670
印花 | hallzerk | 2024年哥本哈根锦标赛,$0.03,21243
印花 | Maka | 2024年上海锦标赛,$0.03,8843
印花 | Magisk | 2023年巴黎锦标赛,$0.03,22628
印花 | apEX | 2024年哥本哈根锦标赛,$0.03,20141
印花 | faveN | 2022年安特卫普锦标赛,$0.03,7264
印花 | JT | 2023年巴黎锦标赛,$0.03,48783
印花 | broky（冠军） | 2022年安特卫普锦标赛,$0.03,25881
印花 | Magisk | 2022年安特卫普锦标赛,$0.03,11113
印花 | w0nderful（冠军）| 2024年哥本哈根锦标赛,$0.03,29515
印花 | rain（冠军）| 2022年安特卫普锦标赛,$0.03,24437
印花 | skullz | 2023年巴黎锦标赛,$0.03,49374
印花 | IHC Esports | 2022年里约热内卢锦标赛,$0.03,40453
印花 | Team Liquid | 2023年巴黎锦标赛,$0.03,683436
印花 | Spinx | 2024年哥本哈根锦标赛,$0.03,21118
印花 | k0nfig | 2023年巴黎锦标赛,$0.03,49875
印花 | NertZ | 2023年巴黎锦标赛,$0.03,55793
印花 | bLitz | 2023年巴黎锦标赛,$0.03,58869
印花 | acoR | 2023年巴黎锦标赛,$0.03,48828
印花 | F1KU | 2023年巴黎锦标赛,$0.03,46670
印花 | Kylar | 2023年巴黎锦标赛,$0.03,21459
印花 | KEi | 2023年巴黎锦标赛,$0.03,19694
印花 | dycha | 2022年安特卫普锦标赛,$0.03,12478
印花 | Thomas | 2023年巴黎锦标赛,$0.03,21744
印花 | apEX | 2022年安特卫普锦标赛,$0.03,9757
印花 | rain | 2023年巴黎锦标赛,$0.03,52235
印花 | Snappi | 2023年巴黎锦标赛,$0.03,69465
印花 | 9INE | 2023年巴黎锦标赛,$0.03,185174
印花 | w0nderful | 2024年上海锦标赛,$0.03,11259
印花 | jL（冠军）| 2024年哥本哈根锦标赛,$0.03,28920
印花 | mezii | 2024年哥本哈根锦标赛,$0.03,18563
印花 | zont1x | 2024年上海锦标赛,$0.03,8043
印花 | Forester | 2024年哥本哈根锦标赛,$0.03,12156
印花 | shalfey | 2023年巴黎锦标赛,$0.03,43187
印花 | Goofy | 2023年巴黎锦标赛,$0.03,18294
印花 | aliStair | 2023年巴黎锦标赛,$0.03,68417
印花 | oSee | 2023年巴黎锦标赛,$0.03,52959
印花 | Bad News Eagles | 2022年里约热内卢锦标赛,$0.03,37067
印花 | volt | 2023年巴黎锦标赛,$0.03,24032
印花 | xertioN | 2023年巴黎锦标赛,$0.03,53678
印花 | floppy | 2023年巴黎锦标赛,$0.03,49834
印花 | headtr1ck | 2023年巴黎锦标赛,$0.03,40958
印花 | Into The Breach | 2023年巴黎锦标赛,$0.03,300167
印花 | siuhy | 2024年哥本哈根锦标赛,$0.03,17978
印花 | torzsi | 2024年哥本哈根锦标赛,$0.03,17238
印花 | FURIA | 2023年巴黎锦标赛,$0.03,333344
印花 | tabseN | 2022年安特卫普锦标赛,$0.03,6244
印花 | BIG | 2022年里约热内卢锦标赛,$0.03,41374
印花 | IEM | 2022年里约热内卢锦标赛,$0.03,87061
印花 | Evil Geniuses | 2020 RMR,$0.03,129468
印花 | sico | 2022年安特卫普锦标赛,$0.03,5127
印花 | jks | 2023年巴黎锦标赛,$0.03,19918
印花 | stavn | 2022年安特卫普锦标赛,$0.03,7212
印花 | refrezh | 2022年安特卫普锦标赛,$0.03,9308
印花 | roeJ | 2022年安特卫普锦标赛,$0.03,5650
印花 | SENER1 | 2023年巴黎锦标赛,$0.03,27208
印花 | REZ | 2023年巴黎锦标赛,$0.03,40655
印花 | r3salt | 2023年巴黎锦标赛,$0.03,22080
印花 | Brollan | 2024年哥本哈根锦标赛,$0.03,21104
印花 | Cypher | 2023年巴黎锦标赛,$0.03,25597
印花 | degster | 2024年上海锦标赛,$0.03,11080
印花 | sinnopsyy | 2022年安特卫普锦标赛,$0.03,16803
印花 | dumau | 2024年哥本哈根锦标赛,$0.03,13979
印花 | dupreeh | 2022年安特卫普锦标赛,$0.03,8864
印花 | Nodios | 2024年哥本哈根锦标赛,$0.03,11828
印花 | broky | 2024年上海锦标赛,$0.03,9151
印花 | JOTA | 2022年安特卫普锦标赛,$0.03,12818
印花 | INS | 2023年巴黎锦标赛,$0.03,42025
印花 | YEKINDAR | 2023年巴黎锦标赛,$0.03,72566
印花 | b1t | 2024年上海锦标赛,$0.03,10057
印花 | Twistzz（冠军） | 2022年安特卫普锦标赛,$0.03,10038
印花 | yuurih | 2023年巴黎锦标赛,$0.03,17385
印花 | hades | 2023年巴黎锦标赛,$0.03,20144
印花 | Jame | 2024年哥本哈根锦标赛,$0.03,29798
印花 | Snappi | 2022年安特卫普锦标赛,$0.03,10213
印花 | ECSTATIC | 2024年哥本哈根锦标赛,$0.03,143361
印花 | iM（冠军）| 2024年哥本哈根锦标赛,$0.03,27741
印花 | aliStair | 2022年安特卫普锦标赛,$0.03,6860
印花 | misutaaa | 2022年安特卫普锦标赛,$0.03,4087
印花 | NAF | 2022年安特卫普锦标赛,$0.03,11494
印花 | iM | 2024年哥本哈根锦标赛,$0.03,12086
印花 | gxx- | 2022年安特卫普锦标赛,$0.03,6499
印花 | GamerLegion | 2024年上海锦标赛,$0.03,18572
印花 | saffee | 2023年巴黎锦标赛,$0.03,18293
印花 | Heroic | 2022年里约热内卢锦标赛,$0.03,24333
印花 | jL | 2023年巴黎锦标赛,$0.03,35730
印花 | Vitality | 2023年巴黎锦标赛,$0.03,327522
印花 | Spinx | 2022年安特卫普锦标赛,$0.03,12564
印花 | iM | 2024年上海锦标赛,$0.03,8787
印花 | Perfecto | 2022年安特卫普锦标赛,$0.03,6204
印花 | arT | 2023年巴黎锦标赛,$0.03,13228
印花 | oSee | 2022年安特卫普锦标赛,$0.03,8098
印花 | cadiaN | 2023年巴黎锦标赛,$0.03,10988
印花 | Brollan | 2023年巴黎锦标赛,$0.03,48953
印花 | Farlig | 2022年安特卫普锦标赛,$0.03,7795
印花 | karrigan（冠军） | 2022年安特卫普锦标赛,$0.03,28119
印花 | n0rb3r7 | 2024年哥本哈根锦标赛,$0.03,23277
印花 | Jerry | 2022年安特卫普锦标赛,$0.03,12573
印花 | sdy | 2023年巴黎锦标赛,$0.03,24130
印花 | k0nfig | 2022年安特卫普锦标赛,$0.03,14178
印花 | Vitality | 2020 RMR,$0.03,150688
印花 | CRUC1AL | 2023年巴黎锦标赛,$0.03,26552
印花 | DemQQ | 2023年巴黎锦标赛,$0.03,27472
印花 | juanflatroo | 2022年安特卫普锦标赛,$0.03,4172
印花 | Heroic | 2024年哥本哈根锦标赛,$0.03,51510
印花 | Aleksib（冠军）| 2024年哥本哈根锦标赛,$0.03,33741
印花 | Vitality | 2022年里约热内卢锦标赛,$0.03,35384
印花 | Vitality | 2024年上海锦标赛,$0.03,20952
印花 | Fluxo | 2023年巴黎锦标赛,$0.03,414660
印花 | BIG | 2024年上海锦标赛,$0.03,5331
印花 | huNter-| 2024年哥本哈根锦标赛,$0.03,15052
印花 | ENCE | 2024年哥本哈根锦标赛,$0.03,57396
印花 | Calyx | 2022年安特卫普锦标赛,$0.03,7452
印花 | Fnatic | 2023年巴黎锦标赛,$0.03,266583
印花 | b1t（冠军）| 2024年哥本哈根锦标赛,$0.03,30433
印花 | chelo | 2024年哥本哈根锦标赛,$0.03,4009
印花 | Legacy | 2024年哥本哈根锦标赛,$0.03,115172
印花 | Krad | 2024年哥本哈根锦标赛,$0.03,11636
印花 | TeSeS | 2023年巴黎锦标赛,$0.03,19916
印花 | volt | 2024年哥本哈根锦标赛,$0.03,5112
印花 | IHC Esports | 2022年安特卫普锦标赛,$0.03,20498
印花 | Tuurtle | 2022年安特卫普锦标赛,$0.03,16379
印花 | frozen | 2024年哥本哈根锦标赛,$0.03,15389
印花 | b1t | 2024年哥本哈根锦标赛,$0.03,13030
印花 | bLitz | 2022年安特卫普锦标赛,$0.03,7513
印花 | es3tag | 2022年安特卫普锦标赛,$0.03,7977
印花 | HooXi | 2022年安特卫普锦标赛,$0.03,5472
印花 | salazar | 2024年哥本哈根锦标赛,$0.03,13943
印花 | Norwi | 2022年安特卫普锦标赛,$0.03,8426
印花 | Aleksib | 2022年安特卫普锦标赛,$0.03,5373
印花 | Brollan | 2022年安特卫普锦标赛,$0.03,5304
印花 | Woro2k | 2023年巴黎锦标赛,$0.03,25473
印花 | junior | 2022年安特卫普锦标赛,$0.03,4973
印花 | KSCERATO | 2023年巴黎锦标赛,$0.03,16918
印花 | JT | 2022年安特卫普锦标赛,$0.03,4808
印花 | saffee | 2022年安特卫普锦标赛,$0.03,3146
印花 | v$m | 2023年巴黎锦标赛,$0.03,22261
印花 | Grayhound Gaming | 2022年里约热内卢锦标赛,$0.03,43086
印花 | FaNg | 2022年安特卫普锦标赛,$0.03,8992
印花 | ICY | 2024年哥本哈根锦标赛,$0.03,12208
印花 | gxx- | 2023年巴黎锦标赛,$0.03,34273
印花 | GamerLegion | 2022年里约热内卢锦标赛,$0.03,44610
印花 | FaZe Clan | 2023年巴黎锦标赛,$0.03,620151
印花 | magixx | 2024年哥本哈根锦标赛,$0.03,14520
印花 | nitr0 | 2022年安特卫普锦标赛,$0.03,4393
印花 | hampus | 2022年安特卫普锦标赛,$0.03,5832
印花 | Gen.G | 2020 RMR,$0.03,78156
印花 | xertioN | 2024年哥本哈根锦标赛,$0.03,18198
印花 | AMKAL ESPORTS | 2024年哥本哈根锦标赛,$0.03,113783
印花 | maden | 2022年安特卫普锦标赛,$0.03,5190
印花 | sk0R | 2022年安特卫普锦标赛,$0.03,3716
印花 | kabal | 2022年安特卫普锦标赛,$0.03,4391
印花 | broky | 2024年哥本哈根锦标赛,$0.03,18148
印花 | REZ | 2022年安特卫普锦标赛,$0.03,7528
印花 | Perfecto | 2023年巴黎锦标赛,$0.03,14415
印花 | kRaSnaL | 2023年巴黎锦标赛,$0.03,25706
印花 | BLAST.tv（闪耀）| 2023年巴黎锦标赛,$0.03,124907
印花 | Aleksib | 2024年哥本哈根锦标赛,$0.03,15378
印花 | syrsoN | 2022年安特卫普锦标赛,$0.03,10275
印花 | zorte | 2022年安特卫普锦标赛,$0.03,3537
印花 | Fnatic | 2022年里约热内卢锦标赛,$0.03,35239
印花 | malbsMd | 2024年上海锦标赛,$0.03,10198
印花 | jkaem | 2024年哥本哈根锦标赛,$0.03,2174
印花 | vexite（闪耀）| 2023年巴黎锦标赛,$0.03,11624
印花 | hatz | 2022年安特卫普锦标赛,$0.03,7733
印花 | G2 Esports | 2023年巴黎锦标赛,$0.03,127444
印花 | Apeks | 2023年巴黎锦标赛,$0.03,92293
印花 | npl | 2023年巴黎锦标赛,$0.03,8276
印花 | iM | 2023年巴黎锦标赛,$0.03,24002
印花 | electroNic | 2021年斯德哥尔摩锦标赛,$0.03,34328
印花 | ins | 2022年安特卫普锦标赛,$0.03,7925
印花 | TeSeS | 2022年安特卫普锦标赛,$0.03,8626
印花 | ENCE | 2022年里约热内卢锦标赛,$0.03,18598
印花 | Jimpphat | 2024年哥本哈根锦标赛,$0.03,25237
印花 | BOROS | 2023年巴黎锦标赛,$0.03,22707
印花 | mynio | 2023年巴黎锦标赛,$0.03,21285
印花 | EliGE | 2022年安特卫普锦标赛,$0.03,3619
印花 | nicoodoz | 2022年安特卫普锦标赛,$0.03,6478
印花 | Boombl4 | 2021年斯德哥尔摩锦标赛,$0.03,33230
印花 | chelo | 2022年安特卫普锦标赛,$0.03,10906
印花 | WOOD7 | 2022年安特卫普锦标赛,$0.03,6151
印花 | BIG | 2022年安特卫普锦标赛,$0.03,34627
印花 | xfl0ud | 2022年安特卫普锦标赛,$0.03,8180
印花 | felps | 2024年哥本哈根锦标赛,$0.03,10613
印花 | zont1x | 2024年哥本哈根锦标赛,$0.03,16138
印花 | The MongolZ | 2024年哥本哈根锦标赛,$0.03,119638
印花 | westmelon | 2024年哥本哈根锦标赛,$0.03,8891
印花 | isak | 2023年巴黎锦标赛,$0.03,19184
印花 | nicoodoz | 2024年哥本哈根锦标赛,$0.03,3383
印花 | sjuush | 2024年哥本哈根锦标赛,$0.03,3242
印花 | Ninjas in Pyjamas | 2022年里约热内卢锦标赛,$0.03,24552
印花 | sh1ro | 2024年哥本哈根锦标赛,$0.03,16615
印花 | s-chilla | 2024年上海锦标赛,$0.03,2058
印花 | saffee | 2024年上海锦标赛,$0.03,1995
印花 | 100 Thieves | 2020 RMR,$0.03,99516
印花 | Spinx（闪耀，冠军）| 2023年巴黎锦标赛,$0.03,13004
印花 | Keoz | 2024年哥本哈根锦标赛,$0.03,3376
印花 | nawwk（闪耀）| 2023年巴黎锦标赛,$0.03,9074
印花 | Goofy | 2024年哥本哈根锦标赛,$0.03,2695
印花 | rain | 2024年上海锦标赛,$0.03,8714
印花 | Ninjas in Pyjamas | 2020 RMR,$0.03,140076
印花 | Twistzz | 2023年巴黎锦标赛,$0.03,83789
印花 | NEOFRAG（闪耀）| 2023年巴黎锦标赛,$0.03,8049
印花 | jambo | 2024年上海锦标赛,$0.03,2423
印花 | Ninjas in Pyjamas | 2022年安特卫普锦标赛,$0.03,30192
印花 | biguzera（闪耀）| 2023年巴黎锦标赛,$0.03,8720
印花 | Heroic | 2020 RMR,$0.03,113768
印花 | nicoodoz（闪耀）| 2023年巴黎锦标赛,$0.03,5156
印花 | syrsoN | 2024年上海锦标赛,$0.03,1162
印花 | refrezh | 2021年斯德哥尔摩锦标赛,$0.03,4364
印花 | Magisk（闪耀，冠军）| 2023年巴黎锦标赛,$0.03,4063
印花 | STYKO（闪耀）| 2023年巴黎锦标赛,$0.03,8174
印花 | drop | 2022年安特卫普锦标赛,$0.03,4033
印花 | Zyphon | 2022年安特卫普锦标赛,$0.03,8377
印花 | OG | 2022年里约热内卢锦标赛,$0.03,26903
印花 | sl3nd | 2024年上海锦标赛,$0.03,2311
印花 | History | 2023年巴黎锦标赛,$0.03,37753
印花 | jL | 2024年哥本哈根锦标赛,$0.03,11083
印花 | electronic | 2022年安特卫普锦标赛,$0.03,5747
印花 | JDC | 2024年上海锦标赛,$0.03,1014
印花 | Krimbo | 2022年安特卫普锦标赛,$0.03,6804
印花 | Senzu | 2024年上海锦标赛,$0.03,576
印花 | Magisk（闪耀）| 2023年巴黎锦标赛,$0.03,3642
印花 | biguzera | 2024年上海锦标赛,$0.03,997
印花 | Plopski | 2022年安特卫普锦标赛,$0.03,2835
印花 | chopper（闪耀，冠军）| 2024年上海锦标赛,$0.03,8677
印花 | ENCE | 2022年安特卫普锦标赛,$0.03,20655
印花 | Dycha | 2024年哥本哈根锦标赛,$0.03,2984
印花 | hallzerk | 2024年上海锦标赛,$0.03,1462
印花 | felps | 2024年上海锦标赛,$0.03,1504
印花 | JT | 2024年上海锦标赛,$0.03,887
印花 | NQZ | 2024年上海锦标赛,$0.03,1342
印花 | brnz4n | 2024年上海锦标赛,$0.03,2026
印花 | ESPADA | 2020 RMR,$0.03,102933
印花 | decenty | 2024年上海锦标赛,$0.03,1801
印花 | Spinx（闪耀）| 2023年巴黎锦标赛,$0.03,3670
印花 | misutaaa | 2021年斯德哥尔摩锦标赛,$0.03,3681
印花 | ropz（冠军） | 2022年安特卫普锦标赛,$0.03,12663
印花 | b1t | 2021年斯德哥尔摩锦标赛,$0.03,35626
印花 | Kylar | 2024年哥本哈根锦标赛,$0.03,3617
印花 | Snappi（闪耀）| 2023年巴黎锦标赛,$0.03,9112
印花 | Monte | 2023年巴黎锦标赛,$0.03,125088
印花 | Kyojin | 2021年斯德哥尔摩锦标赛,$0.03,3199
印花 | FlameZ（闪耀）| 2023年巴黎锦标赛,$0.03,6538
印花 | Grim（闪耀）| 2023年巴黎锦标赛,$0.03,6626
印花 | forZe eSports | 2022年安特卫普锦标赛,$0.03,21558
印花 | vexite | 2024年上海锦标赛,$0.03,1748
印花 | Team Liquid | 2022年里约热内卢锦标赛,$0.03,22532
印花 | Liazz（闪耀）| 2023年巴黎锦标赛,$0.03,10501
印花 | aliStair（闪耀）| 2023年巴黎锦标赛,$0.03,11064
印花 | b1t | 2023年巴黎锦标赛,$0.03,12966
印花 | EmiliaQAQ | 2024年哥本哈根锦标赛,$0.03,6052
印花 | paiN Gaming | 2024年上海锦标赛,$0.03,6260
印花 | dupreeh（闪耀）| 2023年巴黎锦标赛,$0.03,2423
印花 | skullz（闪耀）| 2023年巴黎锦标赛,$0.03,8092
印花 | kyxsan | 2024年哥本哈根锦标赛,$0.03,3067
印花 | karrigan | 2022年安特卫普锦标赛,$0.03,3876
印花 | kyxsan（闪耀）| 2023年巴黎锦标赛,$0.03,8841
印花 | NertZ | 2024年哥本哈根锦标赛,$0.03,3200
印花 | jackasmo | 2024年上海锦标赛,$0.03,2389
印花 | fEAR | 2024年上海锦标赛,$0.03,2024
印花 | zeRRoFIX | 2024年上海锦标赛,$0.03,2098
印花 | Techno4K | 2022年安特卫普锦标赛,$0.03,6162
印花 | FASHR（闪耀）| 2023年巴黎锦标赛,$0.03,4068
印花 | maden（闪耀）| 2023年巴黎锦标赛,$0.03,10404
印花 | rigoN | 2024年上海锦标赛,$0.03,954
印花 | w0nderful | 2024年哥本哈根锦标赛,$0.03,12236
印花 | dupreeh（闪耀，冠军）| 2023年巴黎锦标赛,$0.03,3541
印花 | jkaem（闪耀）| 2023年巴黎锦标赛,$0.03,8355
印花 | hardzao（闪耀）| 2023年巴黎锦标赛,$0.03,8336
印花 | decenty | 2024年哥本哈根锦标赛,$0.03,14096
印花 | buster | 2021年斯德哥尔摩锦标赛,$0.03,4464
印花 | gla1ve | 2024年哥本哈根锦标赛,$0.03,3640
印花 | degster（闪耀）| 2023年巴黎锦标赛,$0.03,7743
印花 | aNdu | 2024年上海锦标赛,$0.03,1567
印花 | MOUZ | 2022年里约热内卢锦标赛,$0.03,17751
印花 | hallzerk（闪耀）| 2023年巴黎锦标赛,$0.03,8715
印花 | FURIA | 2020 RMR,$0.03,89006
印花 | MOUZ | 2023年巴黎锦标赛,$0.03,202388
印花 | NertZ（闪耀）| 2023年巴黎锦标赛,$0.03,7695
印花 | VINI | 2024年哥本哈根锦标赛,$0.03,11182
印花 | G2 Esports | 2024年上海锦标赛,$0.03,23477
印花 | Krimbo | 2024年上海锦标赛,$0.03,1518
印花 | buster | 2022年安特卫普锦标赛,$0.03,4048
印花 | rain | 2024年哥本哈根锦标赛,$0.03,14903
印花 | shalfey | 2022年安特卫普锦标赛,$0.03,1858
印花 | insani | 2024年上海锦标赛,$0.03,2054
印花 | sjuush | 2021年斯德哥尔摩锦标赛,$0.03,5653
印花 | broky | 2022年安特卫普锦标赛,$0.03,3218
印花 | aliStair | 2024年上海锦标赛,$0.03,2006
印花 | Jimpphat（闪耀）| 2024年上海锦标赛,$0.03,2730
印花 | TRY | 2024年上海锦标赛,$0.03,1791
印花 | acoR | 2024年哥本哈根锦标赛,$0.03,1240
印花 | NEKiZ（闪耀）| 2023年巴黎锦标赛,$0.03,10340
印花 | chelo | 2024年上海锦标赛,$0.03,929
印花 | rain | 2022年安特卫普锦标赛,$0.03,4117
印花 | KSCERATO | 2024年哥本哈根锦标赛,$0.03,3463
印花 | ztr | 2024年上海锦标赛,$0.03,2053
印花 | sinnopsyy（闪耀）| 2023年巴黎锦标赛,$0.03,4792
印花 | Jee | 2024年哥本哈根锦标赛,$0.03,2333
印花 | isak | 2024年哥本哈根锦标赛,$0.03,1420
印花 | zont1x（闪耀，冠军）| 2024年上海锦标赛,$0.03,6505
印花 | Grim | 2022年安特卫普锦标赛,$0.03,1026
印花 | zevy（闪耀）| 2023年巴黎锦标赛,$0.03,9594
印花 | Aleksib（闪耀）| 2023年巴黎锦标赛,$0.03,5709
印花 | ZywOo | 2024年哥本哈根锦标赛,$0.03,9367
印花 | apEX | 2021年斯德哥尔摩锦标赛,$0.03,1970
印花 | interz | 2022年安特卫普锦标赛,$0.03,2448
印花 | JACKZ | 2021年斯德哥尔摩锦标赛,$0.03,4370
印花 | bLitz（闪耀）| 2023年巴黎锦标赛,$0.03,4646
印花 | hades | 2024年哥本哈根锦标赛,$0.03,2632
印花 | NAF（闪耀）| 2023年巴黎锦标赛,$0.03,5758
印花 | BIG | 2020 RMR,$0.03,53182
印花 | KSCERATO | 2022年安特卫普锦标赛,$0.03,5277
印花 | Patsi | 2022年安特卫普锦标赛,$0.03,3497
印花 | noway | 2024年哥本哈根锦标赛,$0.03,13594
印花 | FURIA | 2022年里约热内卢锦标赛,$0.03,16914
印花 | b1t | 2022年安特卫普锦标赛,$0.03,4787
印花 | HEN1 | 2024年哥本哈根锦标赛,$0.03,11554
印花 | electronic | 2023年巴黎锦标赛,$0.03,8845
印花 | Starry | 2024年哥本哈根锦标赛,$0.03,7862
印花 | torzsi（闪耀）| 2023年巴黎锦标赛,$0.03,5092
印花 | forZe eSports | 2023年巴黎锦标赛,$0.03,77177
印花 | Imperial Esports | 2022年里约热内卢锦标赛,$0.03,18041
印花 | NertZ（闪耀）| 2024年上海锦标赛,$0.03,1763
印花 | Heroic | 2022年安特卫普锦标赛,$0.03,32155
印花 | Brollan（闪耀）| 2024年上海锦标赛,$0.03,3388
印花 | torzsi（闪耀）| 2024年上海锦标赛,$0.03,1924
印花 | Vitality | 2024年哥本哈根锦标赛,$0.03,59793
印花 | karrigan | 2024年哥本哈根锦标赛,$0.03,13346
印花 | xertioN（闪耀）| 2024年上海锦标赛,$0.03,3060
印花 | nexa | 2021年斯德哥尔摩锦标赛,$0.03,1939
印花 | roeJ（闪耀）| 2023年巴黎锦标赛,$0.03,3809
印花 | exit | 2022年安特卫普锦标赛,$0.03,5829
印花 | Complexity Gaming | 2024年上海锦标赛,$0.03,3041
印花 | woxic | 2024年哥本哈根锦标赛,$0.03,2579
印花 | Calyx | 2024年哥本哈根锦标赛,$0.03,3710
印花 | MATYS | 2024年上海锦标赛,$0.03,1038
印花 | ANNIHILATION（闪耀）| 2023年巴黎锦标赛,$0.03,5032
印花 | Spinx（闪耀）| 2024年上海锦标赛,$0.03,2680
印花 | bLitz | 2024年上海锦标赛,$0.03,955
印花 | Heavygod | 2024年上海锦标赛,$0.03,1588
印花 | JDC（闪耀）| 2023年巴黎锦标赛,$0.03,4535
印花 | kyxsan（闪耀）| 2024年上海锦标赛,$0.03,2516
印花 | Boombl4 | 2022年安特卫普锦标赛,$0.03,2160
"印花 | sh1ro (Glitter, Champion) | Shanghai 2024",$0.03,6584
印花 | jL | 2024年上海锦标赛,$0.03,3967
印花 | rigoN（闪耀）| 2023年巴黎锦标赛,$0.03,3650
印花 | AMANEK | 2021年斯德哥尔摩锦标赛,$0.03,2717
印花 | MAJ3R | 2024年哥本哈根锦标赛,$0.03,2619
印花 | STYKO | 2024年哥本哈根锦标赛,$0.03,2283
印花 | susp | 2024年上海锦标赛,$0.03,1277
印花 | Team Liquid | 2024年上海锦标赛,$0.03,4487
印花 | kauez | 2024年上海锦标赛,$0.03,699
印花 | FlameZ（闪耀）| 2024年上海锦标赛,$0.03,1953
印花 | FaNg（闪耀）| 2023年巴黎锦标赛,$0.03,7186
印花 | ZywOo | 2024年上海锦标赛,$0.03,9616
印花 | blameF | 2024年上海锦标赛,$0.03,1078
印花 | shox | 2021年斯德哥尔摩锦标赛,$0.03,4832
印花 | Brollan（闪耀）| 2023年巴黎锦标赛,$0.03,7004
印花 | sjuush（闪耀）| 2024年上海锦标赛,$0.03,2720
印花 | chopper | 2022年安特卫普锦标赛,$0.03,3101
印花 | sjuush（闪耀）| 2023年巴黎锦标赛,$0.03,825
印花 | Plopski | 2021年斯德哥尔摩锦标赛,$0.03,4558
印花 | tabseN | 2024年上海锦标赛,$0.03,945
印花 | mzinho | 2024年上海锦标赛,$0.03,728
印花 | apEX（闪耀，冠军）| 2023年巴黎锦标赛,$0.03,1518
印花 | Cypher（闪耀）| 2023年巴黎锦标赛,$0.03,3719
印花 | qikert | 2022年安特卫普锦标赛,$0.03,4230
印花 | ropz | 2023年巴黎锦标赛,$0.03,18906
印花 | jabbi（闪耀）| 2023年巴黎锦标赛,$0.03,4893
印花 | GamerLegion | 2024年哥本哈根锦标赛,$0.03,40253
印花 | TeSeS（闪耀）| 2024年上海锦标赛,$0.03,2232
印花 | stavn（闪耀）| 2023年巴黎锦标赛,$0.03,750
印花 | Renegades | 2022年安特卫普锦标赛,$0.03,32991
印花 | Vitality | 2022年安特卫普锦标赛,$0.03,20233
印花 | Snax | 2024年上海锦标赛,$0.03,8328
印花 | mezii（闪耀）| 2023年巴黎锦标赛,$0.03,4714
印花 | k0nfig（闪耀）| 2023年巴黎锦标赛,$0.03,8595
印花 | magixx（闪耀，冠军）| 2024年上海锦标赛,$0.03,6484
印花 | cadiaN | 2022年安特卫普锦标赛,$0.03,1879
印花 | CRUC1AL（闪耀）| 2023年巴黎锦标赛,$0.03,2337
印花 | rallen（闪耀）| 2023年巴黎锦标赛,$0.03,2777
印花 | afro | 2024年上海锦标赛,$0.03,906
印花 | F1KU（闪耀）| 2023年巴黎锦标赛,$0.03,5466
印花 | frozen（闪耀）| 2023年巴黎锦标赛,$0.03,1343
印花 | YEKINDAR | 2021年斯德哥尔摩锦标赛,$0.03,4818
印花 | ENCE（闪耀）| 2023年巴黎锦标赛,$0.03,68194
印花 | Qikert | 2021年斯德哥尔摩锦标赛,$0.03,4902
印花 | FL1T | 2021年斯德哥尔摩锦标赛,$0.03,1733
印花 | Perfecto | 2024年上海锦标赛,$0.03,1590
印花 | Liquid | 2020 RMR,$0.03,46845
印花 | OG | 2020 RMR,$0.03,70684
印花 | yuurih | 2024年哥本哈根锦标赛,$0.03,4058
印花 | apEX（闪耀）| 2023年巴黎锦标赛,$0.03,2390
印花 | noway | 2024年上海锦标赛,$0.03,1406
印花 | Fnatic | 2024年上海锦标赛,$0.03,3909
印花 | mezii（闪耀）| 2024年上海锦标赛,$0.03,3301
印花 | coldzera | 2024年哥本哈根锦标赛,$0.03,10415
印花 | floppy | 2022年安特卫普锦标赛,$0.03,2589
印花 | sk0R（闪耀）| 2023年巴黎锦标赛,$0.03,8069
印花 | acoR（闪耀）| 2023年巴黎锦标赛,$0.03,7121
印花 | Dycha（闪耀）| 2023年巴黎锦标赛,$0.03,8691
印花 | susp | 2024年上海锦标赛,$0.03,1276
印花 | Twistzz | 2022年安特卫普锦标赛,$0.03,1088
印花 | TeSeS | 2024年哥本哈根锦标赛,$0.03,2309
印花 | Ninjas in Pyjamas | 2021年斯德哥尔摩锦标赛,$0.03,16437
印花 | xertioN（闪耀）| 2023年巴黎锦标赛,$0.03,8197
印花 | Grayhound Gaming（闪耀）| 2023年巴黎锦标赛,$0.03,51247
印花 | huNter- | 2021年斯德哥尔摩锦标赛,$0.03,2311
印花 | Sonic | 2024年上海锦标赛,$0.03,1627
印花 | Imperial Esports | 2024年上海锦标赛,$0.03,12164
印花 | nin9 | 2022年安特卫普锦标赛,$0.03,2406
印花 | REZ（闪耀）| 2023年巴黎锦标赛,$0.03,5900
印花 | nitr0（闪耀）| 2023年巴黎锦标赛,$0.03,4063
印花 | Liazz | 2024年上海锦标赛,$0.03,1517
印花 | Team Liquid | 2022年安特卫普锦标赛,$0.03,18570
印花 | Sico（闪耀）| 2023年巴黎锦标赛,$0.03,3207
印花 | n0rb3r7 | 2024年上海锦标赛,$0.03,1030
印花 | nafany | 2022年安特卫普锦标赛,$0.03,2483
印花 | Wicadia | 2024年哥本哈根锦标赛,$0.03,2045
印花 | Jerry（闪耀）| 2023年巴黎锦标赛,$0.03,5691
印花 | FURIA | 2022年安特卫普锦标赛,$0.03,23573
印花 | KRIMZ（闪耀）| 2023年巴黎锦标赛,$0.03,3263
印花 | Renegades | 2020 RMR,$0.03,28261
印花 | FL1T | 2024年上海锦标赛,$0.03,793
印花 | Boombl4 | 2024年上海锦标赛,$0.03,1663
印花 | huNter-（闪耀）| 2023年巴黎锦标赛,$0.03,990
印花 | arT | 2024年哥本哈根锦标赛,$0.03,1335
印花 | MOUZ | 2024年上海锦标赛,$0.03,18972
印花 | Bart4k（闪耀）| 2023年巴黎锦标赛,$0.03,10748
印花 | FURIA | 2024年哥本哈根锦标赛,$0.03,42865
印花 | YEKINDAR（闪耀）| 2023年巴黎锦标赛,$0.03,5159
印花 | EliGE（闪耀）| 2023年巴黎锦标赛,$0.03,3775
印花 | SunPayus（闪耀）| 2023年巴黎锦标赛,$0.03,4688
印花 | KENSi | 2022年安特卫普锦标赛,$0.03,6971
印花 | mopoz | 2024年哥本哈根锦标赛,$0.03,9131
印花 | aliStair | 2022年里约热内卢锦标赛,$0.03,2403
印花 | The MongolZ | 2024年上海锦标赛,$0.03,1387
印花 | siuhy（闪耀）| 2024年上海锦标赛,$0.03,1410
印花 | Keoz | 2022年里约热内卢锦标赛,$0.03,2241
印花 | FL1T | 2022年安特卫普锦标赛,$0.03,3368
印花 | Complexity Gaming | 2024年哥本哈根锦标赛,$0.03,37733
印花 | chopper（闪耀）| 2024年上海锦标赛,$0.03,1197
印花 | volt（闪耀）| 2023年巴黎锦标赛,$0.03,2719
印花 | SENER1（闪耀）| 2023年巴黎锦标赛,$0.03,5531
印花 | Vitality | 2021年斯德哥尔摩锦标赛,$0.03,20766
印花 | niko | 2023年巴黎锦标赛,$0.03,10497
印花 | Ax1Le | 2024年上海锦标赛,$0.03,563
印花 | adamS | 2024年哥本哈根锦标赛,$0.03,7142
印花 | HooXi（闪耀）| 2023年巴黎锦标赛,$0.03,2297
印花 | Keoz（闪耀）| 2023年巴黎锦标赛,$0.03,2752
印花 | G2 Esports | 2024年哥本哈根锦标赛,$0.03,32394
印花 | JT（闪耀）| 2023年巴黎锦标赛,$0.03,3390
截短霰弹枪（纪念品） | 旱地之花 (久经沙场),$0.03,11638
印花 | stadodo | 2024年哥本哈根锦标赛,$0.03,4232
印花 | CacaNito | 2024年哥本哈根锦标赛,$0.03,1698
印花 | nawwk | 2024年哥本哈根锦标赛,$0.03,720
印花 | bLitz（闪耀）| 2024年哥本哈根锦标赛,$0.03,1367
印花 | shalfey（闪耀）| 2023年巴黎锦标赛,$0.03,4543
印花 | fame（冠军）| 2022年里约热内卢锦标赛,$0.03,4488
印花 | Ex3rcice（闪耀）| 2024年上海锦标赛,$0.03,1324
印花 | apEX（闪耀）| 2024年上海锦标赛,$0.03,975
印花 | qikert（冠军）| 2022年里约热内卢锦标赛,$0.03,3892
印花 | n0rb3r7（冠军）| 2022年里约热内卢锦标赛,$0.03,5383
印花 | FL1T（冠军）| 2022年里约热内卢锦标赛,$0.03,7932
印花 | degster（闪耀）| 2024年上海锦标赛,$0.03,1159
印花 | Bad News Eagles | 2022年安特卫普锦标赛,$0.03,9460
印花 | oSee（闪耀）| 2023年巴黎锦标赛,$0.03,5609
印花 | G2 Esports | 2022年安特卫普锦标赛,$0.03,12300
印花 | sh1ro | 2022年安特卫普锦标赛,$0.03,3905
印花 | skullz | 2024年上海锦标赛,$0.03,790
印花 | ICY | 2024年上海锦标赛,$0.03,1583
印花 | Xyp9x | 2022年安特卫普锦标赛,$0.03,2486
PP-野牛（纪念品） | 安乐蜥 (久经沙场),$0.03,37412
印花 | FURIA | 2024年上海锦标赛,$0.03,4448
印花 | stanislaw | 2024年上海锦标赛,$0.03,1450
印花 | FL4MUS | 2024年上海锦标赛,$0.03,2023
印花 | Patti（闪耀）| 2024年哥本哈根锦标赛,$0.03,1232
印花 | TRAVIS（闪耀）| 2024年哥本哈根锦标赛,$0.03,4689
印花 | Senzu（闪耀）| 2024年哥本哈根锦标赛,$0.03,699
印花 | stavn | 2021年斯德哥尔摩锦标赛,$0.03,3725
印花 | dav1g | 2024年哥本哈根锦标赛,$0.03,9542
MAC-10（纪念品） | 赭色大马士革 (久经沙场),$0.03,46375
印花 | Boom | 2020 RMR,$0.03,42539
SSG 08（纪念品） | 掠夺者 (久经沙场),$0.03,31236
印花 | nitr0 | 2022年里约热内卢锦标赛,$0.03,2609
印花 | nafany | 2021年斯德哥尔摩锦标赛,$0.03,3385
印花 | YEKINDAR | 2022年里约热内卢锦标赛,$0.03,3065
印花 | Patsi | 2022年里约热内卢锦标赛,$0.03,1900
印花 | YEKINDAR | 2022年安特卫普锦标赛,$0.03,2118
印花 | FaZe Clan | 2024年上海锦标赛,$0.03,8371
印花 | Perfect World | 2024年上海锦标赛,$0.03,25454
印花 | sense | 2024年哥本哈根锦标赛,$0.03,581
印花 | acoR | 2022年里约热内卢锦标赛,$0.03,1826
印花 | Dycha | 2022年里约热内卢锦标赛,$0.03,2530
印花 | vexite | 2022年里约热内卢锦标赛,$0.03,2146
印花 | Passion UA | 2024年上海锦标赛,$0.03,10784
印花 | Graviti（闪耀）| 2024年上海锦标赛,$0.03,974
印花 | fame | 2024年上海锦标赛,$0.03,1057
印花 | Jame（冠军）| 2022年里约热内卢锦标赛,$0.03,3306
印花 | misutaaa（闪耀） | 2022年安特卫普锦标赛,$0.03,1657
印花 | ropz | 2022年安特卫普锦标赛,$0.03,4535
印花 | Ax1Le | 2022年安特卫普锦标赛,$0.03,3656
印花 | woxic | 2022年安特卫普锦标赛,$0.03,1338
印花 | VINI | 2024年上海锦标赛,$0.03,652
印花 | Evil Geniuses | 2021年斯德哥尔摩锦标赛,$0.03,15772
印花 | degster | 2022年安特卫普锦标赛,$0.03,1636
SSG 08（纪念品） | 掠夺者 (略有磨损),$0.03,16033
G3SG1 | 丛林虚线 (久经沙场),$0.03,78498
印花 | ZywOo | 2022年安特卫普锦标赛,$0.03,3929
SCAR-20 | 沙漠网格 (久经沙场),$0.03,62232
SCAR-20 | 雇佣兵 (久经沙场),$0.03,86711
新星 | 捕食者 (破损不堪),$0.03,9681
SCAR-20 | 雇佣兵 (战痕累累),$0.03,21335
PP-野牛 | 沙漠虚线 (战痕累累),$0.03,18049
PP-野牛 | 沙漠虚线 (破损不堪),$0.03,10234
FN57 | 冷却剂 (久经沙场),$0.03,36957
MP7 | 陆军斥候 (久经沙场),$0.03,95631
双持贝瑞塔 | 雇佣兵 (久经沙场),$0.03,84374
P90 | 沙漠涂装 (战痕累累),$0.03,17568
P250 | 北方森林 (久经沙场),$0.03,77176
Tec-9 | 地下水 (久经沙场),$0.03,85756
印花 | faveN | 2022年里约热内卢锦标赛,$0.03,1772
印花 | interz | 2021年斯德哥尔摩锦标赛,$0.03,2674
印花 | siuhy（闪耀）| 2023年巴黎锦标赛,$0.03,2829
印花 | yuurih | 2022年安特卫普锦标赛,$0.03,979
印花 | North | 2020 RMR,$0.03,50578
印花 | PGL（闪耀）| 2024年哥本哈根锦标赛,$0.03,11830
MAG-7（纪念品） | 海军之辉 (久经沙场),$0.03,43195
印花 | Techno4K（闪耀）| 2023年巴黎锦标赛,$0.03,3184
新星 | 沙丘之黄 (久经沙场),$0.03,79432
XM1014 | 蓝色云杉 (久经沙场),$0.03,68602
印花 | ZywOo | 2023年巴黎锦标赛,$0.03,6074
印花 | Magisk（闪耀） | 2022年安特卫普锦标赛,$0.03,818
印花 | rigoN（闪耀） | 2022年安特卫普锦标赛,$0.03,1951
印花 | Djoko（闪耀）| 2024年上海锦标赛,$0.03,772
MP7（纪念品） | 掠夺者 (久经沙场),$0.03,14959
SSG 08 | 蓝色云杉 (久经沙场),$0.03,93651
印花 | exit | 2024年上海锦标赛,$0.03,1210
印花 | MIBR | 2022年安特卫普锦标赛,$0.03,13105
PP-野牛 | 沙漠虚线 (久经沙场),$0.03,74290
P90（纪念品） | 沙漠 DDPAT (久经沙场),$0.03,12507
SSG 08 | 蓝色云杉 (战痕累累),$0.03,22643
PP-野牛 | 设施系列·速写图 (久经沙场),$0.03,31450
印花 | FURIA | 2021年斯德哥尔摩锦标赛,$0.03,15235
印花 | S1ren | 2022年安特卫普锦标赛,$0.03,825
Tec-9 | 陆军网格 (久经沙场),$0.03,74170
G3SG1 | 丛林虚线 (战痕累累),$0.03,18262
印花 | hampus | 2021年斯德哥尔摩锦标赛,$0.03,2499
R8 左轮手枪（纪念品） | 沙漠伪装 (久经沙场),$0.03,14281
印花 | tabseN | 2022年里约热内卢锦标赛,$0.03,1273
新星 | 沙丘之黄 (战痕累累),$0.03,15052
印花 | mzinho（闪耀）| 2024年哥本哈根锦标赛,$0.03,950
P250 | 设施系列·草图 (久经沙场),$0.03,51573
P250 | 设施系列·草图 (破损不堪),$0.03,2982
MAG-7 | 外表生锈 (破损不堪),$0.03,31249
PP-野牛（纪念品） | 安乐蜥 (略有磨损),$0.03,20608
MP7（纪念品） | 掠夺者 (略有磨损),$0.03,9461
MP9 | 沙漠虚线 (战痕累累),$0.03,18213
MP5-SD | 越野 (久经沙场),$0.03,69963
MAG-7 | 外表生锈 (久经沙场),$0.03,22659
UMP-45 | 泥地杀手 (久经沙场),$0.03,72538
印花 | paiN Gaming | 2024年哥本哈根锦标赛,$0.03,53808
印花 | iM（闪耀）| 2024年上海锦标赛,$0.03,868
G3SG1 | 沙漠风暴 (久经沙场),$0.03,74942
印花 | Renegades | 2021年斯德哥尔摩锦标赛,$0.03,7035
印花 | arT | 2022年安特卫普锦标赛,$0.03,1226
截短霰弹枪（纪念品） | 旱地之花 (略有磨损),$0.03,6555
MAG-7（纪念品） | 海军之辉 (战痕累累),$0.03,7359
印花 | jabbi | 2022年安特卫普锦标赛,$0.03,725
Tec-9 | 地下水 (战痕累累),$0.03,18986
AUG | 雇佣兵 (略有磨损),$0.03,13171
G3SG1 | 沙漠风暴 (略有磨损),$0.03,5387
G3SG1 | 丛林虚线 (破损不堪),$0.03,11987
AUG | 暴风呼啸 (战痕累累),$0.03,11886
印花 | isak | 2022年里约热内卢锦标赛,$0.03,2003
MP9 | 滑移 (久经沙场),$0.03,47300
UMP-45 | 设施系列·深色图 (破损不堪),$0.03,3129
新星 | 芯轴 (久经沙场),$0.03,50832
Tec-9 | 陆军网格 (破损不堪),$0.03,3803
印花 | NAF | 2022年里约热内卢锦标赛,$0.03,2978
P250 | 沙丘之黄 (久经沙场),$0.03,44142
SG 553 | 浪花穿孔 (略有磨损),$0.03,13154
P250 | 沙丘之黄 (战痕累累),$0.03,3683
截短霰弹枪（纪念品） | 旱地之花 (战痕累累),$0.03,485
P250 | 北方森林 (略有磨损),$0.03,6585
M249（纪念品） | 淹没 (久经沙场),$0.03,7701
R8 左轮手枪（纪念品） | 噩梦之夜 (久经沙场),$0.03,9264
MP7 | 陆军斥候 (破损不堪),$0.03,14523
G3SG1 | 沙漠风暴 (破损不堪),$0.03,11975
印花 | drop | 2024年上海锦标赛,$0.03,413
印花 | v4lde | 2022年里约热内卢锦标赛,$0.03,1713
印花 | maden | 2022年里约热内卢锦标赛,$0.03,2569
AUG | 雇佣兵 (破损不堪),$0.03,11897
MP5-SD | 越野 (破损不堪),$0.03,9407
MP9 | 滑移 (战痕累累),$0.03,9807
Tec-9 | 地下水 (破损不堪),$0.03,12664
XM1014 | 蓝色云杉 (战痕累累),$0.03,18615
SG 553 | 浪花穿孔 (久经沙场),$0.03,81441
SCAR-20 | 沙漠网格 (略有磨损),$0.03,4415
P250（纪念品） | 天旱 (久经沙场),$0.03,37313
SCAR-20 | 沙漠网格 (战痕累累),$0.03,17756
印花 | Grim | 2024年上海锦标赛,$0.03,197
双持贝瑞塔 | 雇佣兵 (战痕累累),$0.03,19385
G3SG1 | 丛林虚线 (略有磨损),$0.03,18169
新星 | 芯轴 (战痕累累),$0.03,877
新星 | 沙丘之黄 (略有磨损),$0.03,8205
印花 | Spinx（闪耀）| 2024年哥本哈根锦标赛,$0.03,1011
印花 | Sico | 2022年里约热内卢锦标赛,$0.03,2377
AUG | 雇佣兵 (久经沙场),$0.03,104841
印花 | dupreeh（闪耀） | 2022年安特卫普锦标赛,$0.03,2357
新星 | 捕食者 (久经沙场),$0.03,62526
P90 | 沙漠涂装 (久经沙场),$0.03,67618
SCAR-20 | 雇佣兵 (略有磨损),$0.03,18464
MP7 | 陆军斥候 (战痕累累),$0.03,23524
AUG | 扫频仪 (久经沙场),$0.03,68068
UMP-45 | 泥地杀手 (战痕累累),$0.03,16621
MAC-10（纪念品） | 赭色大马士革 (略有磨损),$0.03,20142
法玛斯 | 殖民侵略者 (战痕累累),$0.03,7822
新星（纪念品） | 军队之辉 (略有磨损),$0.03,7012
双持贝瑞塔 | 雇佣兵 (略有磨损),$0.03,19201
印花 | Jame | 2024年上海锦标赛,$0.03,363
法玛斯 | 殖民侵略者 (破损不堪),$0.03,12204
印花 | Techno4K | 2024年上海锦标赛,$0.03,423
双持贝瑞塔 | 雇佣兵 (破损不堪),$0.03,7237
封装的涂鸦 | 盛怒 (砖红),$0.03,827
P250 | 北方森林 (战痕累累),$0.03,18933
MP5-SD | 越野 (战痕累累),$0.03,15574
MP9 | 沙漠虚线 (略有磨损),$0.03,4773
PP-野牛 | 沙漠虚线 (略有磨损),$0.03,16577
SSG 08 | 蓝色云杉 (破损不堪),$0.03,6694
P90 | 沙漠涂装 (略有磨损),$0.03,5310
印花 | Ax1Le | 2021年斯德哥尔摩锦标赛,$0.03,1605
印花 | npl（闪耀）| 2023年巴黎锦标赛,$0.03,1535
PP-野牛（纪念品） | 安乐蜥 (崭新出厂),$0.03,9346
P250 | 沙丘之黄 (破损不堪),$0.03,4749
法玛斯 | 殖民侵略者 (久经沙场),$0.03,100059
MAC-10（纪念品） | 赭色大马士革 (战痕累累),$0.04,8679
P90 | 沙漠涂装 (破损不堪),$0.03,9569
R8 左轮手枪（纪念品） | 沙漠伪装 (战痕累累),$0.03,3126
AUG | 扫频仪 (战痕累累),$0.03,10952
印花 | headtr1ck（闪耀）| 2023年巴黎锦标赛,$0.03,5811
印花 | shalfey（闪耀） | 2022年安特卫普锦标赛,$0.03,530
P90（纪念品） | 古老星球 (久经沙场),$0.03,3156
新星 | 捕食者 (略有磨损),$0.03,4984
印花 | SunPayus | 2022年里约热内卢锦标赛,$0.03,2219
印花 | zont1x（闪耀）| 2024年上海锦标赛,$0.03,421
印花 | phzy | 2024年上海锦标赛,$0.03,1463
印花 | floppy | 2024年上海锦标赛,$0.03,93
XM1014 | 蓝色云杉 (略有磨损),$0.03,11555
加利尔 AR | 贤者涂装 (战痕累累),$0.03,18451
AUG | 暴风呼啸 (久经沙场),$0.03,92883
印花 | TeSeS（闪耀）| 2023年巴黎锦标赛,$0.03,1372
印花 | Titan（全息）| 2014年卡托维兹锦标赛,$0.00,0
印花 | Clan-Mystik（全息）| 2014年卡托维兹锦标赛,$0.00,0
印花 | mousesports（全息）| 2014年卡托维兹锦标赛,$0.00,0
印花 | Team LDLC.com（全息）| 2014年卡托维兹锦标赛,$0.00,0
印花 | AdreN（金色）| 2018年伦敦锦标赛,$0.00,0
印花 | kennyS（金色）| 2017年克拉科夫锦标赛,$0.00,0
印花 | DD（金色）| 2018年波士顿锦标赛,$0.00,0
印花 | keshandr（金色）| 2017年克拉科夫锦标赛,$0.00,0
印花 | Virtus.Pro（全息）| 2014年卡托维兹锦标赛,$0.00,0
印花 | rain（金色）| 2018年波士顿锦标赛,$0.00,0
印花 | Natus Vincere（全息）| 2014年卡托维兹锦标赛,$0.00,0
印花 | LGB eSports（全息）| 2014年卡托维兹锦标赛,$0.00,0
印花 | somebody（金色）| 2018年波士顿锦标赛,$0.00,0
印花 | ropz（金色）| 2017年克拉科夫锦标赛,$0.00,0
印花 | s1mple（金色）| 2018年波士顿锦标赛,$0.00,0
印花 | Twistzz（金色）| 2018年伦敦锦标赛,$0.00,0
印花 | iBUYPOWER | 2014年卡托维兹锦标赛,$0.00,0
印花 | BIT（金色）| 2018年波士顿锦标赛,$0.00,0
印花 | LUCAS1（金色）| 2018年波士顿锦标赛,$0.00,0
印花 | HEN1（金色）| 2018年波士顿锦标赛,$0.00,0
印花 | fnx（金色）| 2018年波士顿锦标赛,$0.00,0
2014年 EMS 卡托维兹锦标赛传奇,$0.00,0
印花 | Team Dignitas（全息）| 2014年卡托维兹锦标赛,$0.00,0
印花 | iBUYPOWER（全息）| 2014年卡托维兹锦标赛,$0.00,0
印花 | EliGE（金色）| 2018年波士顿锦标赛,$0.00,0
印花 | aizy（金色）| 2018年波士顿锦标赛,$0.00,0
印花 | mir（金色）| 2017年克拉科夫锦标赛,$0.00,0
印花 | Titan | 2014年卡托维兹锦标赛,$0.00,0
印花 | Nifty（金色）| 2018年波士顿锦标赛,$0.00,0
印花 | Jame（金色）| 2018年波士顿锦标赛,$0.00,0
印花 | ScreaM（金色）| 2018年波士顿锦标赛,$0.00,0
印花 | FalleN（金色）| 2017年克拉科夫锦标赛,$0.00,0
印花 | Reason Gaming（全息）| 2014年卡托维兹锦标赛,$0.00,0
印花 | captainMo（金色）| 2018年波士顿锦标赛,$0.00,0
印花 | s1mple（金色）| 2017年克拉科夫锦标赛,$0.00,0
印花 | Vox Eminor（全息）| 2014年卡托维兹锦标赛,$0.00,0
印花 | bondik（金色）| 2018年波士顿锦标赛,$0.00,0
印花 | Twistzz（金色）| 2018年波士顿锦标赛,$0.00,0
印花 | Happy（金色）| 2018年波士顿锦标赛,$0.00,0
印花 | HellRaisers（全息）| 2014年卡托维兹锦标赛,$0.00,0
印花 | 3DMAX（全息）| 2014年卡托维兹锦标赛,$0.00,0
印花 | NAF（金色）| 2018年波士顿锦标赛,$0.00,0
印花 | ropz（金色）| 2018年波士顿锦标赛,$0.00,0
印花 | keev（金色）| 2017年克拉科夫锦标赛,$0.00,0
印花 | LEGIJA（金色）| 2017年克拉科夫锦标赛,$0.00,0
印花 | compLexity Gaming（全息）| 2014年卡托维兹锦标赛,$0.00,0
印花 | ANGE1（金色）| 2018年伦敦锦标赛,$0.00,0
印花 | s1mple（金色）| 2018年伦敦锦标赛,$0.00,0
印花 | jR（金色）| 2018年波士顿锦标赛,$0.00,0
印花 | nex（金色）| 2017年克拉科夫锦标赛,$0.00,0
印花 | jR（金色）| 2017年克拉科夫锦标赛,$0.00,0
印花 | waterfaLLZ（金色）| 2018年波士顿锦标赛,$0.00,0
印花 | captainMo（金色）| 2018年伦敦锦标赛,$0.00,0
印花 | JW（金色）| 2018年波士顿锦标赛,$0.00,0
2014年 EMS 卡托维兹锦标赛挑战组,$0.00,0
印花 | SIXER（金色）| 2018年波士顿锦标赛,$0.00,0
印花 | autimatic（金色）| 2018年波士顿锦标赛,$0.00,0
印花 | Lekr0（金色）| 2018年波士顿锦标赛,$0.00,0
印花 | boltz（金色）| 2017年克拉科夫锦标赛,$0.00,0
印花 | Ninjas in Pyjamas（全息）| 2014年卡托维兹锦标赛,$0.00,0
印花 | dupreeh（金色）| 2018年波士顿锦标赛,$0.00,0
印花 | karrigan（金色）| 2018年波士顿锦标赛,$0.00,0
印花 | WorldEdit（金色）| 2017年克拉科夫锦标赛,$0.00,0
印花 | NiKo（金色）| 2018年波士顿锦标赛,$0.00,0
印花 | NiKo（金色）| 2017年克拉科夫锦标赛,$0.00,0
印花 | loWel（金色）| 2017年克拉科夫锦标赛,$0.00,0
印花 | jdm64（金色）| 2018年波士顿锦标赛,$0.00,0
印花 | Edward（金色）| 2017年克拉科夫锦标赛,$0.00,0
印花 | fer（闪亮）| 2016年科隆锦标赛,$0.00,0
印花 | Reason Gaming | 2014年卡托维兹锦标赛,$0.00,0
印花 | tabseN（金色）| 2018年伦敦锦标赛,$0.00,0
印花 | jks（金色）| 2019年卡托维兹锦标赛,$0.00,0
印花 | nex（金色）| 2018年波士顿锦标赛,$0.00,0
印花 | Xyp9x（金色）| 2018年伦敦锦标赛,$0.00,0
印花 | Stewie2K（金色）| 2018年波士顿锦标赛,$0.00,0
印花 | dennis（金色）| 2018年伦敦锦标赛,$0.00,0
印花 | NBK-（金色）| 2017年克拉科夫锦标赛,$0.00,0
印花 | BnTeT（金色）| 2018年波士顿锦标赛,$0.00,0
印花 | MAJ3R（金色）| 2018年波士顿锦标赛,$0.00,0
印花 | suNny（金色）| 2017年克拉科夫锦标赛,$0.00,0
印花 | tabseN（金色）| 2018年波士顿锦标赛,$0.00,0
印花 | snatchie（金色）| 2018年伦敦锦标赛,$0.00,0
印花 | Xyp9x（金色）| 2018年波士顿锦标赛,$0.00,0
印花 | hutji（金色）| 2017年克拉科夫锦标赛,$0.00,0
印花 | xccurate（金色）| 2018年伦敦锦标赛,$0.00,0
印花 | karrigan（金色）| 2017年克拉科夫锦标赛,$0.00,0
印花 | FalleN（金色）| 2018年伦敦锦标赛,$0.00,0
印花 | chrisJ（金色）| 2018年波士顿锦标赛,$0.00,0
印花 | chopper（金色）| 2017年克拉科夫锦标赛,$0.00,0
印花 | mir（金色）| 2018年伦敦锦标赛,$0.00,0
印花 | seang@res（金色）| 2018年波士顿锦标赛,$0.00,0
印花 | EliGE（金色）| 2018年伦敦锦标赛,$0.00,0
印花 | shroud（金色）| 2017年克拉科夫锦标赛,$0.00,0
印花 | dupreeh（金色）| 2018年伦敦锦标赛,$0.00,0
印花 | Kjaerbye（金色）| 2018年伦敦锦标赛,$0.00,0
印花 | rain（闪亮）| 2016年 MLG 哥伦布锦标赛,$0.00,0
印花 | MSL（金色）| 2017年克拉科夫锦标赛,$0.00,0
印花 | NEO（闪亮）| 2017年亚特兰大锦标赛,$0.00,0
印花 | EliGE（闪亮）| 2016年 MLG 哥伦布锦标赛,$0.00,0
决策大师音乐盒集,$0.00,0
印花 | hutji（金色）| 2017年克拉科夫锦标赛,$0.00,0
印花 | snatchie（金色）| 2018年伦敦锦标赛,$0.00,0
印花 | smooya（金色）| 2018年伦敦锦标赛,$0.00,0
印花 | Grim | 2024年哥本哈根锦标赛,$0.03,22035
印花 | ENCE | 2023年巴黎锦标赛,$0.03,694092
印花 | Grayhound Gaming | 2023年巴黎锦标赛,$0.03,830892
印花 | FASHR | 2023年巴黎锦标赛,$0.03,32481
印花 | PGL | 2024年哥本哈根锦标赛,$0.03,264310
印花 | torzsi | 2024年上海锦标赛,$0.03,11977
印花 | sh1ro（冠军）| 2024年上海锦标赛,$0.03,53679
印花 | Brollan | 2024年上海锦标赛,$0.03,11783
印花 | BLAST.tv | 2023年巴黎锦标赛,$0.03,1365295
印花 | huNter- | 2024年上海锦标赛,$0.03,8300
印花 | kraghen | 2024年哥本哈根锦标赛,$0.03,14028
印花 | kyxsan | 2023年巴黎锦标赛,$0.03,50406
印花 | kauez | 2024年哥本哈根锦标赛,$0.03,17084
印花 | maden | 2023年巴黎锦标赛,$0.03,64158
印花 | Senzu | 2024年哥本哈根锦标赛,$0.03,19138
印花 | FaNg | 2023年巴黎锦标赛,$0.03,67134
印花 | chopper（冠军）| 2024年上海锦标赛,$0.03,54600
印花 | Complexity Gaming | 2023年巴黎锦标赛,$0.03,482337
印花 | jkaem | 2023年巴黎锦标赛,$0.03,52241
印花 | Jimpphat | 2024年上海锦标赛,$0.03,11422
印花 | bLitz | 2024年哥本哈根锦标赛,$0.03,18650
印花 | Techno4K | 2024年哥本哈根锦标赛,$0.03,16916
印花 | Queenix | 2024年哥本哈根锦标赛,$0.03,17595
印花 | NEOFRAG | 2023年巴黎锦标赛,$0.03,52543
印花 | xertioN | 2024年上海锦标赛,$0.03,13775
印花 | siuhy | 2024年上海锦标赛,$0.03,10431
印花 | HooXi | 2023年巴黎锦标赛,$0.03,41132
印花 | Patti | 2024年哥本哈根锦标赛,$0.03,16275
印花 | lux | 2024年哥本哈根锦标赛,$0.03,13773
印花 | Spinx | 2024年上海锦标赛,$0.03,11589
印花 | b4rtiN | 2024年哥本哈根锦标赛,$0.03,12936
印花 | vexite | 2023年巴黎锦标赛,$0.03,68459
印花 | SunPayus | 2023年巴黎锦标赛,$0.03,52337
印花 | FlameZ | 2023年巴黎锦标赛,$0.03,54757
印花 | fame | 2024年哥本哈根锦标赛,$0.03,18034
印花 | latto | 2024年哥本哈根锦标赛,$0.03,12504
印花 | iM | 2024年上海锦标赛,$0.03,8793
印花 | chopper | 2024年上海锦标赛,$0.03,12211
印花 | nicoodoz | 2023年巴黎锦标赛,$0.03,37072
印花 | siuhy | 2023年巴黎锦标赛,$0.03,37584
印花 | zevy | 2023年巴黎锦标赛,$0.03,61240
印花 | hardzao | 2023年巴黎锦标赛,$0.03,47010
印花 | kyxsan | 2024年上海锦标赛,$0.03,12636
印花 | sinnopsyy | 2023年巴黎锦标赛,$0.03,32805
印花 | Maka | 2024年上海锦标赛,$0.03,8846
印花 | mzinho | 2024年哥本哈根锦标赛,$0.03,20068
印花 | n1ssim | 2024年哥本哈根锦标赛,$0.03,13434
印花 | mezii | 2024年上海锦标赛,$0.03,12508
印花 | NEKiZ | 2024年哥本哈根锦标赛,$0.03,13324
印花 | TeSeS | 2024年上海锦标赛,$0.03,12370
印花 | TRAVIS | 2024年哥本哈根锦标赛,$0.03,13732
印花 | HooXi | 2024年哥本哈根锦标赛,$0.03,16488
印花 | Graviti | 2024年上海锦标赛,$0.03,11692
印花 | The MongolZ | 2023年巴黎锦标赛,$0.03,686666
印花 | tiziaN | 2022年安特卫普锦标赛,$0.03,9788
印花 | degster | 2023年巴黎锦标赛,$0.03,48180
印花 | STYKO | 2023年巴黎锦标赛,$0.03,52853
印花 | Dycha | 2023年巴黎锦标赛,$0.03,56482
印花 | nawwk | 2023年巴黎锦标赛,$0.03,51601
印花 | torzsi | 2023年巴黎锦标赛,$0.03,56887
印花 | Magisk（冠军）| 2023年巴黎锦标赛,$0.03,87094
印花 | NEKiZ | 2023年巴黎锦标赛,$0.03,56278
印花 | nexa | 2024年哥本哈根锦标赛,$0.03,19989
印花 | magixx (Champion) | Shanghai 2024,$0.03,52303
印花 | Djoko | 2024年上海锦标赛,$0.03,10781
印花 | EliGE | 2023年巴黎锦标赛,$0.03,68759
印花 | Heroic | 2023年巴黎锦标赛,$0.03,454845
印花 | biguzera | 2023年巴黎锦标赛,$0.03,56884
印花 | apEX（冠军）| 2023年巴黎锦标赛,$0.03,84484
印花 | Spinx | 2023年巴黎锦标赛,$0.03,28779
印花 | Spinx（冠军）| 2023年巴黎锦标赛,$0.03,97189
印花 | zorte | 2023年巴黎锦标赛,$0.03,35925
印花 | sk0R | 2023年巴黎锦标赛,$0.03,51785
印花 | Bad News Eagles | 2023年巴黎锦标赛,$0.03,307875
印花 | sjuush | 2023年巴黎锦标赛,$0.03,29968
印花 | Liazz | 2023年巴黎锦标赛,$0.03,66545
印花 | JDC | 2023年巴黎锦标赛,$0.03,47179
印花 | dupreeh（冠军）| 2023年巴黎锦标赛,$0.03,87161
印花 | nitr0 | 2023年巴黎锦标赛,$0.03,53629
印花 | floppy | 2024年哥本哈根锦标赛,$0.03,18479
印花 | Jerry | 2023年巴黎锦标赛,$0.03,58154
印花 | rigoN | 2022年安特卫普锦标赛,$0.03,14627
印花 | roeJ | 2023年巴黎锦标赛,$0.03,21758
印花 | rallen | 2023年巴黎锦标赛,$0.03,35611
印花 | biguzera | 2024年哥本哈根锦标赛,$0.03,13337
印花 | GamerLegion | 2023年巴黎锦标赛,$0.03,207209
印花 | zont1x（冠军）| 2024年上海锦标赛,$0.03,50395
印花 | OG | 2023年巴黎锦标赛,$0.03,309301
印花 | mir | 2024年哥本哈根锦标赛,$0.03,24014
印花 | Lucaozy | 2023年巴黎锦标赛,$0.03,45944
印花 | jabbi | 2023年巴黎锦标赛,$0.03,26335
印花 | FL1T | 2024年哥本哈根锦标赛,$0.03,21294
印花 | Bart4k | 2023年巴黎锦标赛,$0.03,64578
印花 | Grim | 2023年巴黎锦标赛,$0.03,63999
印花 | Lucky | 2024年上海锦标赛,$0.03,11004
印花 | JT | 2024年哥本哈根锦标赛,$0.03,21195
印花 | hades | 2022年安特卫普锦标赛,$0.03,3740
印花 | paiN Gaming | 2023年巴黎锦标赛,$0.03,174240
印花 | KRIMZ | 2023年巴黎锦标赛,$0.03,28800
印花 | ZywOo（冠军）| 2023年巴黎锦标赛,$0.03,49635
印花 | magixx | 2024年上海锦标赛,$0.03,9399
印花 | karrigan | 2024年上海锦标赛,$0.03,8309
印花 | dupreeh | 2023年巴黎锦标赛,$0.03,21926
印花 | Techno4K | 2023年巴黎锦标赛,$0.03,55224
印花 | NAF | 2023年巴黎锦标赛,$0.03,60387
印花 | apEX | 2023年巴黎锦标赛,$0.03,26128
印花 | frozen | 2024年上海锦标赛,$0.03,7861
印花 | Krad | 2023年巴黎锦标赛,$0.03,34837
印花 | Sico | 2023年巴黎锦标赛,$0.03,56471
印花 | NertZ | 2024年上海锦标赛,$0.03,10851
印花 | drop | 2023年巴黎锦标赛,$0.03,15564
印花 | huNter | 2022年安特卫普锦标赛,$0.03,6581
印花 | NickelBack | 2024年哥本哈根锦标赛,$0.03,12875
印花 | gla1ve | 2022年安特卫普锦标赛,$0.03,8944
印花 | hallzerk | 2023年巴黎锦标赛,$0.03,64777
印花 | juanflatroo | 2023年巴黎锦标赛,$0.03,19621
印花 | huNter- | 2023年巴黎锦标赛,$0.03,37791
印花 | Aleksib | 2024年上海锦标赛,$0.03,10301
印花 | SENER1 | 2022年安特卫普锦标赛,$0.03,12432
印花 | MIBR | 2024年上海锦标赛,$0.03,18938
印花 | sh1ro | 2024年上海锦标赛,$0.03,9378
印花 | WOOD7 | 2023年巴黎锦标赛,$0.03,35359
印花 | blameF | 2022年安特卫普锦标赛,$0.03,13903
印花 | mezii | 2023年巴黎锦标赛,$0.03,29699
印花 | apEX | 2024年上海锦标赛,$0.03,10235
印花 | sjuush | 2024年上海锦标赛,$0.03,10802
印花 | Ex3rcice | 2024年上海锦标赛,$0.03,11842
印花 | JaCkz | 2022年安特卫普锦标赛,$0.03,13288
印花 | Keoz | 2023年巴黎锦标赛,$0.03,43682
印花 | stavn | 2023年巴黎锦标赛,$0.03,23763
印花 | rigoN | 2023年巴黎锦标赛,$0.03,29771
印花 | Aleksib | 2023年巴黎锦标赛,$0.03,42034
印花 | Ninjas in Pyjamas | 2023年巴黎锦标赛,$0.03,278521
印花 | broky | 2023年巴黎锦标赛,$0.03,50648
印花 | FlameZ | 2024年上海锦标赛,$0.03,11696
印花 | frozen | 2023年巴黎锦标赛,$0.03,47510
印花 | NQZ | 2024年哥本哈根锦标赛,$0.03,16028
印花 | ANNIHILATION | 2023年巴黎锦标赛,$0.03,59841
印花 | sjuush | 2022年安特卫普锦标赛,$0.03,11437
印花 | karrigan | 2023年巴黎锦标赛,$0.03,43580
印花 | felps | 2023年巴黎锦标赛,$0.03,50414
印花 | Evil Geniuses | 2022年里约热内卢锦标赛,$0.03,27066
印花 | HEROIC | 2024年上海锦标赛,$0.03,30909
印花 | chopper | 2024年哥本哈根锦标赛,$0.03,20444
印花 | hallzerk | 2024年哥本哈根锦标赛,$0.03,21241
印花 | FlameZ | 2024年哥本哈根锦标赛,$0.03,18668
印花 | EliGE | 2024年哥本哈根锦标赛,$0.03,17615
印花 | Magisk | 2023年巴黎锦标赛,$0.03,22628
印花 | apEX | 2024年哥本哈根锦标赛,$0.03,20141
印花 | faveN | 2022年安特卫普锦标赛,$0.03,7264
印花 | Magisk | 2022年安特卫普锦标赛,$0.03,11113
印花 | broky（冠军） | 2022年安特卫普锦标赛,$0.03,25881
印花 | skullz | 2023年巴黎锦标赛,$0.03,49374
印花 | Spinx | 2024年哥本哈根锦标赛,$0.03,21118
印花 | rain（冠军）| 2022年安特卫普锦标赛,$0.03,24436
印花 | JT | 2023年巴黎锦标赛,$0.03,48784
印花 | IHC Esports | 2022年里约热内卢锦标赛,$0.03,40456
印花 | w0nderful（冠军）| 2024年哥本哈根锦标赛,$0.03,29516
印花 | Team Liquid | 2023年巴黎锦标赛,$0.03,683435
印花 | k0nfig | 2023年巴黎锦标赛,$0.03,49875
印花 | NertZ | 2023年巴黎锦标赛,$0.03,55795
印花 | bLitz | 2023年巴黎锦标赛,$0.03,58870
印花 | acoR | 2023年巴黎锦标赛,$0.03,48828
印花 | Kylar | 2023年巴黎锦标赛,$0.03,21459
印花 | F1KU | 2023年巴黎锦标赛,$0.03,46670
印花 | Thomas | 2023年巴黎锦标赛,$0.03,21744
印花 | rain | 2023年巴黎锦标赛,$0.03,52235
印花 | apEX | 2022年安特卫普锦标赛,$0.03,9757
印花 | KEi | 2023年巴黎锦标赛,$0.03,19694
印花 | Snappi | 2023年巴黎锦标赛,$0.03,69467
印花 | mezii | 2024年哥本哈根锦标赛,$0.03,18562
印花 | jL（冠军）| 2024年哥本哈根锦标赛,$0.03,28921
印花 | w0nderful | 2024年上海锦标赛,$0.03,11260
印花 | Perfecto | 2021年斯德哥尔摩锦标赛,$0.03,38630
印花 | 9INE | 2023年巴黎锦标赛,$0.03,185179
印花 | dycha | 2022年安特卫普锦标赛,$0.03,12479
印花 | zont1x | 2024年上海锦标赛,$0.03,8043
印花 | Forester | 2024年哥本哈根锦标赛,$0.03,12162
印花 | shalfey | 2023年巴黎锦标赛,$0.03,43187
印花 | oSee | 2023年巴黎锦标赛,$0.03,52959
印花 | volt | 2023年巴黎锦标赛,$0.03,24032
印花 | xertioN | 2023年巴黎锦标赛,$0.03,53678
印花 | floppy | 2023年巴黎锦标赛,$0.03,49834
印花 | headtr1ck | 2023年巴黎锦标赛,$0.03,40958
印花 | torzsi | 2024年哥本哈根锦标赛,$0.03,17238
印花 | Bad News Eagles | 2022年里约热内卢锦标赛,$0.03,37069
印花 | FURIA | 2023年巴黎锦标赛,$0.03,333343
印花 | aliStair | 2023年巴黎锦标赛,$0.03,68418
印花 | tabseN | 2022年安特卫普锦标赛,$0.03,6244
印花 | BIG | 2022年里约热内卢锦标赛,$0.03,41379
印花 | IEM | 2022年里约热内卢锦标赛,$0.03,87062
印花 | Goofy | 2023年巴黎锦标赛,$0.03,18294
印花 | Evil Geniuses | 2020 RMR,$0.03,129471
印花 | sico | 2022年安特卫普锦标赛,$0.03,5077
印花 | jks | 2023年巴黎锦标赛,$0.03,19918
印花 | stavn | 2022年安特卫普锦标赛,$0.03,7212
印花 | refrezh | 2022年安特卫普锦标赛,$0.03,9307
印花 | Clan-Mystik（全息）| 2014年卡托维兹锦标赛,$0.00,0
印花 | mousesports（全息）| 2014年卡托维兹锦标赛,$0.00,0
印花 | Team LDLC.com（全息）| 2014年卡托维兹锦标赛,$0.00,0
印花 | AdreN（金色）| 2018年伦敦锦标赛,$0.00,0
印花 | kennyS（金色）| 2017年克拉科夫锦标赛,$0.00,0
印花 | DD（金色）| 2018年波士顿锦标赛,$0.00,0
印花 | keshandr（金色）| 2017年克拉科夫锦标赛,$0.00,0
印花 | Virtus.Pro（全息）| 2014年卡托维兹锦标赛,$0.00,0
印花 | rain（金色）| 2018年波士顿锦标赛,$0.00,0
印花 | Natus Vincere（全息）| 2014年卡托维兹锦标赛,$0.00,0
印花 | LGB eSports（全息）| 2014年卡托维兹锦标赛,$0.00,0
印花 | somebody（金色）| 2018年波士顿锦标赛,$0.00,0
印花 | ropz（金色）| 2017年克拉科夫锦标赛,$0.00,0
印花 | s1mple（金色）| 2018年波士顿锦标赛,$0.00,0
印花 | Twistzz（金色）| 2018年伦敦锦标赛,$0.00,0
印花 | iBUYPOWER | 2014年卡托维兹锦标赛,$0.00,0
印花 | BIT（金色）| 2018年波士顿锦标赛,$0.00,0
印花 | LUCAS1（金色）| 2018年波士顿锦标赛,$0.00,0
印花 | HEN1（金色）| 2018年波士顿锦标赛,$0.00,0
印花 | fnx（金色）| 2018年波士顿锦标赛,$0.00,0
2014年 EMS 卡托维兹锦标赛传奇,$0.00,0
印花 | Team Dignitas（全息）| 2014年卡托维兹锦标赛,$0.00,0
印花 | iBUYPOWER（全息）| 2014年卡托维兹锦标赛,$0.00,0
印花 | EliGE（金色）| 2018年波士顿锦标赛,$0.00,0
印花 | jdm64（金色）| 2018年波士顿锦标赛,$0.00,0
印花 | NiKo（金色）| 2017年克拉科夫锦标赛,$0.00,0
印花 | jR（金色）| 2017年克拉科夫锦标赛,$0.00,0
印花 | Reason Gaming（全息）| 2014年卡托维兹锦标赛,$0.00,0
印花 | captainMo（金色）| 2018年波士顿锦标赛,$0.00,0
印花 | s1mple（金色）| 2017年克拉科夫锦标赛,$0.00,0
印花 | Vox Eminor（全息）| 2014年卡托维兹锦标赛,$0.00,0
印花 | nex（金色）| 2018年波士顿锦标赛,$0.00,0
印花 | bondik（金色）| 2018年波士顿锦标赛,$0.00,0
印花 | Twistzz（金色）| 2018年波士顿锦标赛,$0.00,0
印花 | Happy（金色）| 2018年波士顿锦标赛,$0.00,0
印花 | HellRaisers（全息）| 2014年卡托维兹锦标赛,$0.00,0
印花 | 3DMAX（全息）| 2014年卡托维兹锦标赛,$0.00,0
印花 | NAF（金色）| 2018年波士顿锦标赛,$0.00,0
印花 | Xyp9x（金色）| 2018年伦敦锦标赛,$0.00,0
印花 | fer（闪亮）| 2016年科隆锦标赛,$0.00,0
印花 | BnTeT（金色）| 2018年波士顿锦标赛,$0.00,0
印花 | LEGIJA（金色）| 2017年克拉科夫锦标赛,$0.00,0
印花 | Kjaerbye（金色）| 2018年伦敦锦标赛,$0.00,0
封装的涂鸦 | M4A1消音型压枪 (军绿),$0.00,0
印花 | shroud（金色）| 2017年克拉科夫锦标赛,$0.00,0
印花 | FalleN（金色）| 2017年克拉科夫锦标赛,$0.00,0
印花 | ropz（金色）| 2018年波士顿锦标赛,$0.00,0
印花 | NEO（闪亮）| 2017年亚特兰大锦标赛,$0.00,0
印花 | ANGE1（金色）| 2018年伦敦锦标赛,$0.00,0
印花 | NBK-（金色）| 2017年克拉科夫锦标赛,$0.00,0
印花 | boltz（金色）| 2017年克拉科夫锦标赛,$0.00,0
印花 | xccurate（金色）| 2018年伦敦锦标赛,$0.00,0
2014年 EMS 卡托维兹锦标赛挑战组,$0.00,0
印花 | karrigan（金色）| 2018年波士顿锦标赛,$0.00,0
印花 | compLexity Gaming（全息）| 2014年卡托维兹锦标赛,$0.00,0
印花 | ScreaM（金色）| 2018年波士顿锦标赛,$0.00,0
印花 | aizy（金色）| 2018年波士顿锦标赛,$0.00,0
印花 | tabseN（金色）| 2018年波士顿锦标赛,$0.00,0
决策大师音乐盒集,$0.00,0
印花 | snatchie（金色）| 2018年伦敦锦标赛,$0.00,0
印花 | aizy（金色）| 2018年伦敦锦标赛,$0.00,0
印花 | mir（金色）| 2017年克拉科夫锦标赛,$0.00,0
印花 | Titan | 2014年卡托维兹锦标赛,$0.00,0
印花 | waterfaLLZ（金色）| 2018年波士顿锦标赛,$0.00,0
印花 | jR（金色）| 2018年波士顿锦标赛,$0.00,0
印花 | Edward（金色）| 2017年克拉科夫锦标赛,$0.00,0
印花 | MAJ3R（金色）| 2018年波士顿锦标赛,$0.00,0
印花 | SIXER（金色）| 2018年波士顿锦标赛,$0.00,0
印花 | tabseN（金色）| 2018年伦敦锦标赛,$0.00,0
印花 | Lekr0（金色）| 2018年波士顿锦标赛,$0.00,0
印花 | captainMo（金色）| 2018年伦敦锦标赛,$0.00,0
印花 | loWel（金色）| 2017年克拉科夫锦标赛,$0.00,0
印花 | autimatic（金色）| 2018年波士顿锦标赛,$0.00,0
印花 | nex（金色）| 2017年克拉科夫锦标赛,$0.00,0
印花 | hutji（金色）| 2017年克拉科夫锦标赛,$0.00,0
印花 | NiKo（金色）| 2018年波士顿锦标赛,$0.00,0
印花 | JW（金色）| 2018年波士顿锦标赛,$0.00,0
印花 | chopper（金色）| 2017年克拉科夫锦标赛,$0.00,0
印花 | chrisJ（金色）| 2018年波士顿锦标赛,$0.00,0
印花 | dennis（金色）| 2018年伦敦锦标赛,$0.00,0
印花 | jks（金色）| 2019年卡托维兹锦标赛,$0.00,0
印花 | dupreeh（金色）| 2018年波士顿锦标赛,$0.00,0
印花 | suNny（金色）| 2017年克拉科夫锦标赛,$0.00,0
印花 | Reason Gaming | 2014年卡托维兹锦标赛,$0.00,0
印花 | keev（金色）| 2017年克拉科夫锦标赛,$0.00,0
印花 | Stewie2K（金色）| 2018年波士顿锦标赛,$0.00,0
印花 | Nifty（金色）| 2018年波士顿锦标赛,$0.00,0
印花 | Jame（金色）| 2018年波士顿锦标赛,$0.00,0
印花 | WorldEdit（金色）| 2017年克拉科夫锦标赛,$0.00,0
印花 | s1mple（金色）| 2018年伦敦锦标赛,$0.00,0
印花 | rain（闪亮）| 2016年 MLG 哥伦布锦标赛,$0.00,0
印花 | Ninjas in Pyjamas（全息）| 2014年卡托维兹锦标赛,$0.00,0
印花 | Xyp9x（金色）| 2018年波士顿锦标赛,$0.00,0
印花 | EliGE（闪亮）| 2016年 MLG 哥伦布锦标赛,$0.00,0
印花 | MSL（金色）| 2017年克拉科夫锦标赛,$0.00,0
印花 | karrigan（金色）| 2017年克拉科夫锦标赛,$0.00,0
印花 | FalleN（金色）| 2018年伦敦锦标赛,$0.00,0
印花 | EliGE（金色）| 2018年伦敦锦标赛,$0.00,0
印花 | dupreeh（金色）| 2018年伦敦锦标赛,$0.00,0
印花 | mir（金色）| 2018年伦敦锦标赛,$0.00,0
印花 | snatchie（金色）| 2018年伦敦锦标赛,$0.00,0
印花 | smooya（金色）| 2018年伦敦锦标赛,$0.00,0
印花 | Grim | 2024年哥本哈根锦标赛,$0.03,22029
印花 | TeSeS | 2024年上海锦标赛,$0.03,12382
印花 | ENCE | 2023年巴黎锦标赛,$0.03,694093
印花 | Grayhound Gaming | 2023年巴黎锦标赛,$0.03,830905
印花 | Brollan | 2024年上海锦标赛,$0.03,11798
印花 | EliGE | 2023年巴黎锦标赛,$0.03,68761
印花 | FASHR | 2023年巴黎锦标赛,$0.03,32483
印花 | BLAST.tv | 2023年巴黎锦标赛,$0.03,1364932
印花 | PGL | 2024年哥本哈根锦标赛,$0.03,264287
印花 | kyxsan | 2023年巴黎锦标赛,$0.03,50408
印花 | jkaem | 2023年巴黎锦标赛,$0.03,52240
印花 | chopper（冠军）| 2024年上海锦标赛,$0.03,54621
印花 | kauez | 2024年哥本哈根锦标赛,$0.03,17080
印花 | FaNg | 2023年巴黎锦标赛,$0.03,67134
印花 | Senzu | 2024年哥本哈根锦标赛,$0.03,19134
印花 | sh1ro（冠军）| 2024年上海锦标赛,$0.03,53697
印花 | maden | 2023年巴黎锦标赛,$0.03,64159
印花 | Jimpphat | 2024年上海锦标赛,$0.03,11429
印花 | bLitz | 2024年哥本哈根锦标赛,$0.03,18649
印花 | Techno4K | 2024年哥本哈根锦标赛,$0.03,16914
印花 | NEOFRAG | 2023年巴黎锦标赛,$0.03,52542
印花 | xertioN | 2024年上海锦标赛,$0.03,13789
印花 | siuhy | 2024年上海锦标赛,$0.03,10437
印花 | lux | 2024年哥本哈根锦标赛,$0.03,13769
印花 | Queenix | 2024年哥本哈根锦标赛,$0.03,17592
印花 | Patti | 2024年哥本哈根锦标赛,$0.03,16274
印花 | Spinx | 2024年上海锦标赛,$0.03,11596
印花 | vexite | 2023年巴黎锦标赛,$0.03,68459
印花 | latto | 2024年哥本哈根锦标赛,$0.03,12504
印花 | TRAVIS | 2024年哥本哈根锦标赛,$0.03,13732
印花 | HooXi | 2024年哥本哈根锦标赛,$0.03,16488
印花 | NEKiZ | 2024年哥本哈根锦标赛,$0.03,13319
印花 | kraghen | 2024年哥本哈根锦标赛,$0.03,14022
印花 | n1ssim | 2024年哥本哈根锦标赛,$0.03,13431
印花 | huNter- | 2024年上海锦标赛,$0.03,8310
印花 | torzsi | 2024年上海锦标赛,$0.03,11983
印花 | chopper | 2024年上海锦标赛,$0.03,12217
印花 | siuhy | 2023年巴黎锦标赛,$0.03,37583
印花 | mzinho | 2024年哥本哈根锦标赛,$0.03,20067
印花 | Djoko | 2024年上海锦标赛,$0.03,10790
印花 | fame | 2024年哥本哈根锦标赛,$0.03,18032
印花 | kyxsan | 2024年上海锦标赛,$0.03,12642
印花 | sh1ro | 2024年上海锦标赛,$0.03,9389
印花 | FlameZ | 2023年巴黎锦标赛,$0.03,54758
印花 | zevy | 2023年巴黎锦标赛,$0.03,61241
印花 | sinnopsyy | 2023年巴黎锦标赛,$0.03,32804
印花 | mezii | 2024年上海锦标赛,$0.03,12517
印花 | nicoodoz | 2023年巴黎锦标赛,$0.03,37073
印花 | iM | 2024年上海锦标赛,$0.03,8798
印花 | Graviti | 2024年上海锦标赛,$0.03,11699
印花 | SunPayus | 2023年巴黎锦标赛,$0.03,52338
印花 | b4rtiN | 2024年哥本哈根锦标赛,$0.03,12933
印花 | Heroic | 2023年巴黎锦标赛,$0.03,454832
印花 | Lucky | 2024年上海锦标赛,$0.03,11011
印花 | Maka | 2024年上海锦标赛,$0.03,8852
印花 | NertZ | 2024年上海锦标赛,$0.03,10853
印花 | The MongolZ | 2023年巴黎锦标赛,$0.03,686928
印花 | torzsi | 2023年巴黎锦标赛,$0.03,56887
印花 | HooXi | 2023年巴黎锦标赛,$0.03,41127
印花 | NEKiZ | 2023年巴黎锦标赛,$0.03,56276
印花 | STYKO | 2023年巴黎锦标赛,$0.03,52741
印花 | Dycha | 2023年巴黎锦标赛,$0.03,56480
印花 | degster | 2023年巴黎锦标赛,$0.03,48180
印花 | tiziaN | 2022年安特卫普锦标赛,$0.03,9787
印花 | nawwk | 2023年巴黎锦标赛,$0.03,51602
印花 | Magisk（冠军）| 2023年巴黎锦标赛,$0.03,87111
印花 | hardzao | 2023年巴黎锦标赛,$0.03,47011
印花 | biguzera | 2023年巴黎锦标赛,$0.03,56885
印花 | apEX（冠军）| 2023年巴黎锦标赛,$0.03,84493
印花 | Bad News Eagles | 2023年巴黎锦标赛,$0.03,307916
印花 | magixx (Champion) | Shanghai 2024,$0.03,52304
印花 | Spinx | 2023年巴黎锦标赛,$0.03,28780
印花 | zorte | 2023年巴黎锦标赛,$0.03,35923
印花 | Spinx（冠军）| 2023年巴黎锦标赛,$0.03,97078
印花 | sjuush | 2023年巴黎锦标赛,$0.03,29967
印花 | sk0R | 2023年巴黎锦标赛,$0.03,51787
印花 | Liazz | 2023年巴黎锦标赛,$0.03,66546
印花 | JDC | 2023年巴黎锦标赛,$0.03,47182
印花 | dupreeh（冠军）| 2023年巴黎锦标赛,$0.03,87179
印花 | nitr0 | 2023年巴黎锦标赛,$0.03,53611
印花 | rigoN | 2022年安特卫普锦标赛,$0.03,14627
印花 | jabbi | 2023年巴黎锦标赛,$0.03,26335
印花 | mir | 2024年哥本哈根锦标赛,$0.03,24013
印花 | FL1T | 2024年哥本哈根锦标赛,$0.03,21293
印花 | biguzera | 2024年哥本哈根锦标赛,$0.03,13335
印花 | zont1x（冠军）| 2024年上海锦标赛,$0.03,50407
印花 | roeJ | 2023年巴黎锦标赛,$0.03,21761
印花 | Jerry | 2023年巴黎锦标赛,$0.03,58155
印花 | floppy | 2024年哥本哈根锦标赛,$0.03,18476
印花 | rallen | 2023年巴黎锦标赛,$0.03,35612
印花 | zont1x | 2024年上海锦标赛,$0.03,8048
印花 | GamerLegion | 2023年巴黎锦标赛,$0.03,207191
印花 | nexa | 2024年哥本哈根锦标赛,$0.03,19984
印花 | NAF | 2023年巴黎锦标赛,$0.03,60386
印花 | JT | 2024年哥本哈根锦标赛,$0.03,21194
印花 | dupreeh | 2023年巴黎锦标赛,$0.03,21925
印花 | Aleksib | 2023年巴黎锦标赛,$0.03,42034
印花 | karrigan | 2024年上海锦标赛,$0.03,8313
